<FinancialSummary>
   <TotalRevenues currency="USD">
      <TotalRevenue asofDate="2017-12-31" reportType="A" period="3M">32323000000.000000</TotalRevenue>
      <TotalRevenue asofDate="2017-12-31" reportType="A" period="12M">110855000000.000000</TotalRevenue>
      <TotalRevenue asofDate="2017-09-30" reportType="A" period="3M">27772000000.000000</TotalRevenue>
      <TotalRevenue asofDate="2017-06-30" reportType="A" period="3M">26010000000.000000</TotalRevenue>
      <TotalRevenue asofDate="2017-03-31" reportType="A" period="3M">24750000000.000000</TotalRevenue>
      <TotalRevenue asofDate="2016-12-31" reportType="A" period="3M">26064000000.000000</TotalRevenue>
      <TotalRevenue asofDate="2016-12-31" reportType="A" period="12M">90272000000.000000</TotalRevenue>
      <TotalRevenue asofDate="2016-09-30" reportType="A" period="3M">22451000000.000000</TotalRevenue>
      <TotalRevenue asofDate="2016-06-30" reportType="A" period="3M">21500000000.000000</TotalRevenue>
      <TotalRevenue asofDate="2016-03-31" reportType="A" period="3M">20257000000.000000</TotalRevenue>
      <TotalRevenue asofDate="2015-12-31" reportType="A" period="3M">21329000000.000000</TotalRevenue>
      <TotalRevenue asofDate="2015-12-31" reportType="A" period="12M">74989000000.000000</TotalRevenue>
      <TotalRevenue asofDate="2015-09-30" reportType="A" period="3M">18675000000.000000</TotalRevenue>
      <TotalRevenue asofDate="2015-06-30" reportType="A" period="3M">17727000000.000000</TotalRevenue>
      <TotalRevenue asofDate="2015-03-31" reportType="A" period="3M">17258000000.000000</TotalRevenue>
      <TotalRevenue asofDate="2014-12-31" reportType="A" period="3M">18103000000.000000</TotalRevenue>
      <TotalRevenue asofDate="2014-12-31" reportType="A" period="12M">66001000000.000000</TotalRevenue>
      <TotalRevenue asofDate="2014-09-30" reportType="A" period="3M">16523000000.000000</TotalRevenue>
      <TotalRevenue asofDate="2014-06-30" reportType="A" period="3M">15955000000.000000</TotalRevenue>
      <TotalRevenue asofDate="2014-03-31" reportType="A" period="3M">15420000000.000000</TotalRevenue>
      <TotalRevenue asofDate="2013-12-31" reportType="A" period="3M">16858000000.000000</TotalRevenue>
      <TotalRevenue asofDate="2013-12-31" reportType="A" period="12M">59825000000.000000</TotalRevenue>
      <TotalRevenue asofDate="2013-09-30" reportType="A" period="3M">14893000000.000000</TotalRevenue>
      <TotalRevenue asofDate="2013-06-30" reportType="A" period="3M">14105000000.000000</TotalRevenue>
      <TotalRevenue asofDate="2013-03-31" reportType="A" period="3M">13969000000.000000</TotalRevenue>
      <TotalRevenue asofDate="2012-12-31" reportType="A" period="3M">13215000000.000000</TotalRevenue>
      <TotalRevenue asofDate="2012-12-31" reportType="A" period="12M">50175000000.000000</TotalRevenue>
      <TotalRevenue asofDate="2012-09-30" reportType="A" period="3M">14101000000.000000</TotalRevenue>
      <TotalRevenue asofDate="2012-06-30" reportType="A" period="3M">12214000000.000000</TotalRevenue>
      <TotalRevenue asofDate="2012-03-31" reportType="A" period="3M">10645000000.000000</TotalRevenue>
      <TotalRevenue asofDate="2011-12-31" reportType="A" period="3M">10583000000.000000</TotalRevenue>
      <TotalRevenue asofDate="2011-12-31" reportType="A" period="12M">37905000000.000000</TotalRevenue>
      <TotalRevenue asofDate="2011-09-30" reportType="A" period="3M">9720000000.000000</TotalRevenue>
      <TotalRevenue asofDate="2011-06-30" reportType="A" period="3M">9026000000.000000</TotalRevenue>
      <TotalRevenue asofDate="2011-03-31" reportType="A" period="3M">8575000000.000000</TotalRevenue>
      <TotalRevenue asofDate="2017-12-31" reportType="TTM" period="12M">110855000000.000000</TotalRevenue>
      <TotalRevenue asofDate="2017-09-30" reportType="TTM" period="12M">104596000000.000000</TotalRevenue>
      <TotalRevenue asofDate="2017-06-30" reportType="TTM" period="12M">99275000000.000000</TotalRevenue>
      <TotalRevenue asofDate="2017-03-31" reportType="TTM" period="12M">94765000000.000000</TotalRevenue>
      <TotalRevenue asofDate="2016-12-31" reportType="TTM" period="12M">90272000000.000000</TotalRevenue>
      <TotalRevenue asofDate="2016-09-30" reportType="TTM" period="12M">85537000000.000000</TotalRevenue>
      <TotalRevenue asofDate="2016-06-30" reportType="TTM" period="12M">81761000000.000000</TotalRevenue>
      <TotalRevenue asofDate="2016-03-31" reportType="TTM" period="12M">77988000000.000000</TotalRevenue>
      <TotalRevenue asofDate="2015-12-31" reportType="TTM" period="12M">74989000000.000000</TotalRevenue>
      <TotalRevenue asofDate="2015-09-30" reportType="TTM" period="12M">71763000000.000000</TotalRevenue>
      <TotalRevenue asofDate="2015-06-30" reportType="TTM" period="12M">69611000000.000000</TotalRevenue>
      <TotalRevenue asofDate="2017-12-31" reportType="R" period="3M">32323000000.000000</TotalRevenue>
      <TotalRevenue asofDate="2017-12-31" reportType="R" period="12M">110855000000.000000</TotalRevenue>
      <TotalRevenue asofDate="2017-09-30" reportType="R" period="3M">27772000000.000000</TotalRevenue>
      <TotalRevenue asofDate="2017-09-30" reportType="R" period="12M">104596000000.000000</TotalRevenue>
      <TotalRevenue asofDate="2017-06-30" reportType="R" period="3M">26010000000.000000</TotalRevenue>
      <TotalRevenue asofDate="2017-06-30" reportType="R" period="12M">99275000000.000000</TotalRevenue>
      <TotalRevenue asofDate="2017-03-31" reportType="R" period="3M">24750000000.000000</TotalRevenue>
      <TotalRevenue asofDate="2017-03-31" reportType="R" period="12M">94765000000.000000</TotalRevenue>
      <TotalRevenue asofDate="2016-12-31" reportType="R" period="3M">26064000000.000000</TotalRevenue>
      <TotalRevenue asofDate="2016-12-31" reportType="R" period="12M">90272000000.000000</TotalRevenue>
      <TotalRevenue asofDate="2016-09-30" reportType="R" period="3M">22451000000.000000</TotalRevenue>
      <TotalRevenue asofDate="2016-09-30" reportType="R" period="12M">85537000000.000000</TotalRevenue>
      <TotalRevenue asofDate="2016-06-30" reportType="R" period="3M">21500000000.000000</TotalRevenue>
      <TotalRevenue asofDate="2016-06-30" reportType="R" period="12M">81761000000.000000</TotalRevenue>
      <TotalRevenue asofDate="2016-03-31" reportType="R" period="3M">20257000000.000000</TotalRevenue>
      <TotalRevenue asofDate="2016-03-31" reportType="R" period="12M">77988000000.000000</TotalRevenue>
      <TotalRevenue asofDate="2015-12-31" reportType="R" period="3M">21329000000.000000</TotalRevenue>
      <TotalRevenue asofDate="2015-12-31" reportType="R" period="12M">74989000000.000000</TotalRevenue>
      <TotalRevenue asofDate="2015-09-30" reportType="R" period="3M">18675000000.000000</TotalRevenue>
      <TotalRevenue asofDate="2015-09-30" reportType="R" period="12M">71763000000.000000</TotalRevenue>
      <TotalRevenue asofDate="2015-06-30" reportType="R" period="3M">17727000000.000000</TotalRevenue>
      <TotalRevenue asofDate="2015-06-30" reportType="R" period="12M">69611000000.000000</TotalRevenue>
      <TotalRevenue asofDate="2015-03-31" reportType="R" period="3M">17258000000.000000</TotalRevenue>
      <TotalRevenue asofDate="2015-03-31" reportType="R" period="12M">67839000000.000000</TotalRevenue>
      <TotalRevenue asofDate="2014-12-31" reportType="R" period="3M">18103000000.000000</TotalRevenue>
      <TotalRevenue asofDate="2014-12-31" reportType="R" period="12M">66001000000.000000</TotalRevenue>
      <TotalRevenue asofDate="2014-09-30" reportType="R" period="3M">16523000000.000000</TotalRevenue>
      <TotalRevenue asofDate="2014-09-30" reportType="R" period="12M">67911000000.000000</TotalRevenue>
      <TotalRevenue asofDate="2014-06-30" reportType="R" period="3M">15955000000.000000</TotalRevenue>
      <TotalRevenue asofDate="2014-06-30" reportType="R" period="12M">65142000000.000000</TotalRevenue>
      <TotalRevenue asofDate="2014-03-31" reportType="R" period="3M">15420000000.000000</TotalRevenue>
      <TotalRevenue asofDate="2014-03-31" reportType="R" period="12M">62294000000.000000</TotalRevenue>
      <TotalRevenue asofDate="2013-12-31" reportType="R" period="3M">15707000000.000000</TotalRevenue>
      <TotalRevenue asofDate="2013-12-31" reportType="R" period="12M">55519000000.000000</TotalRevenue>
      <TotalRevenue asofDate="2013-09-30" reportType="R" period="3M">13754000000.000000</TotalRevenue>
      <TotalRevenue asofDate="2013-09-30" reportType="R" period="12M">57386000000.000000</TotalRevenue>
      <TotalRevenue asofDate="2013-06-30" reportType="R" period="3M">13107000000.000000</TotalRevenue>
      <TotalRevenue asofDate="2013-06-30" reportType="R" period="12M">55797000000.000000</TotalRevenue>
      <TotalRevenue asofDate="2013-03-31" reportType="R" period="3M">12951000000.000000</TotalRevenue>
      <TotalRevenue asofDate="2013-03-31" reportType="R" period="12M">53499000000.000000</TotalRevenue>
      <TotalRevenue asofDate="2012-12-31" reportType="R" period="3M">10283000000.000000</TotalRevenue>
      <TotalRevenue asofDate="2012-12-31" reportType="R" period="12M">46039000000.000000</TotalRevenue>
      <TotalRevenue asofDate="2012-09-30" reportType="R" period="3M">13304000000.000000</TotalRevenue>
      <TotalRevenue asofDate="2012-09-30" reportType="R" period="12M">47543000000.000000</TotalRevenue>
      <TotalRevenue asofDate="2012-06-30" reportType="R" period="3M">11807000000.000000</TotalRevenue>
      <TotalRevenue asofDate="2012-06-30" reportType="R" period="12M">43162000000.000000</TotalRevenue>
      <TotalRevenue asofDate="2012-03-31" reportType="R" period="3M">10645000000.000000</TotalRevenue>
      <TotalRevenue asofDate="2012-03-31" reportType="R" period="12M">39975000000.000000</TotalRevenue>
      <TotalRevenue asofDate="2011-12-31" reportType="R" period="3M">10583000000.000000</TotalRevenue>
      <TotalRevenue asofDate="2011-12-31" reportType="R" period="12M">37905000000.000000</TotalRevenue>
      <TotalRevenue asofDate="2011-09-30" reportType="R" period="3M">9720000000.000000</TotalRevenue>
      <TotalRevenue asofDate="2011-09-30" reportType="R" period="12M">35762000000.000000</TotalRevenue>
      <TotalRevenue asofDate="2011-06-30" reportType="R" period="3M">9026000000.000000</TotalRevenue>
      <TotalRevenue asofDate="2011-06-30" reportType="R" period="12M">33328000000.000000</TotalRevenue>
      <TotalRevenue asofDate="2011-03-31" reportType="R" period="3M">8575000000.000000</TotalRevenue>
      <TotalRevenue asofDate="2011-03-31" reportType="R" period="12M">31121000000.000000</TotalRevenue>
      <TotalRevenue asofDate="2017-12-31" reportType="P" period="3M">32323000000.000000</TotalRevenue>
      <TotalRevenue asofDate="2017-12-31" reportType="P" period="12M">110855000000.000000</TotalRevenue>
      <TotalRevenue asofDate="2017-09-30" reportType="P" period="3M">27772000000.000000</TotalRevenue>
      <TotalRevenue asofDate="2017-06-30" reportType="P" period="3M">26010000000.000000</TotalRevenue>
      <TotalRevenue asofDate="2017-03-31" reportType="P" period="3M">24750000000.000000</TotalRevenue>
      <TotalRevenue asofDate="2016-12-31" reportType="P" period="3M">26064000000.000000</TotalRevenue>
      <TotalRevenue asofDate="2016-12-31" reportType="P" period="12M">90272000000.000000</TotalRevenue>
      <TotalRevenue asofDate="2016-09-30" reportType="P" period="3M">22451000000.000000</TotalRevenue>
      <TotalRevenue asofDate="2016-06-30" reportType="P" period="3M">21500000000.000000</TotalRevenue>
      <TotalRevenue asofDate="2016-03-31" reportType="P" period="3M">20257000000.000000</TotalRevenue>
      <TotalRevenue asofDate="2015-12-31" reportType="P" period="3M">21329000000.000000</TotalRevenue>
      <TotalRevenue asofDate="2015-12-31" reportType="P" period="12M">74989000000.000000</TotalRevenue>
      <TotalRevenue asofDate="2015-09-30" reportType="P" period="3M">18675000000.000000</TotalRevenue>
      <TotalRevenue asofDate="2015-06-30" reportType="P" period="3M">17727000000.000000</TotalRevenue>
      <TotalRevenue asofDate="2015-03-31" reportType="P" period="3M">17258000000.000000</TotalRevenue>
      <TotalRevenue asofDate="2014-12-31" reportType="P" period="3M">18103000000.000000</TotalRevenue>
      <TotalRevenue asofDate="2014-12-31" reportType="P" period="12M">66001000000.000000</TotalRevenue>
      <TotalRevenue asofDate="2014-09-30" reportType="P" period="3M">16523000000.000000</TotalRevenue>
      <TotalRevenue asofDate="2014-06-30" reportType="P" period="3M">15955000000.000000</TotalRevenue>
      <TotalRevenue asofDate="2014-03-31" reportType="P" period="3M">15420000000.000000</TotalRevenue>
      <TotalRevenue asofDate="2013-12-31" reportType="P" period="3M">16858000000.000000</TotalRevenue>
      <TotalRevenue asofDate="2013-12-31" reportType="P" period="12M">59825000000.000000</TotalRevenue>
      <TotalRevenue asofDate="2013-09-30" reportType="P" period="3M">14893000000.000000</TotalRevenue>
      <TotalRevenue asofDate="2013-06-30" reportType="P" period="3M">14105000000.000000</TotalRevenue>
      <TotalRevenue asofDate="2013-03-31" reportType="P" period="3M">13969000000.000000</TotalRevenue>
      <TotalRevenue asofDate="2012-12-31" reportType="P" period="3M">14419000000.000000</TotalRevenue>
      <TotalRevenue asofDate="2012-12-31" reportType="P" period="12M">50175000000.000000</TotalRevenue>
      <TotalRevenue asofDate="2012-09-30" reportType="P" period="3M">14101000000.000000</TotalRevenue>
      <TotalRevenue asofDate="2012-06-30" reportType="P" period="3M">12214000000.000000</TotalRevenue>
      <TotalRevenue asofDate="2012-03-31" reportType="P" period="3M">10645000000.000000</TotalRevenue>
      <TotalRevenue asofDate="2011-12-31" reportType="P" period="12M">37905000000.000000</TotalRevenue>
      <TotalRevenue asofDate="2011-09-30" reportType="P" period="3M">9720000000.000000</TotalRevenue>
      <TotalRevenue asofDate="2011-06-30" reportType="P" period="3M">9026000000.000000</TotalRevenue>
   </TotalRevenues>
   <EPSs currency="USD">
      <EPS asofDate="2017-12-31" reportType="TTM" period="12M">18.270000</EPS>
      <EPS asofDate="2017-09-30" reportType="TTM" period="12M">30.380000</EPS>
      <EPS asofDate="2017-06-30" reportType="TTM" period="12M">28.030000</EPS>
      <EPS asofDate="2017-03-31" reportType="TTM" period="12M">30.050000</EPS>
      <EPS asofDate="2016-12-31" reportType="TTM" period="12M">28.320000</EPS>
      <EPS asofDate="2016-09-30" reportType="TTM" period="12M">27.750000</EPS>
      <EPS asofDate="2016-06-30" reportType="TTM" period="12M">26.190000</EPS>
      <EPS asofDate="2016-03-31" reportType="TTM" period="12M">24.070000</EPS>
      <EPS asofDate="2015-12-31" reportType="TTM" period="12M">23.110000</EPS>
      <EPS asofDate="2015-09-30" reportType="TTM" period="12M">21.942140</EPS>
      <EPS asofDate="2015-06-30" reportType="TTM" period="12M">21.533723</EPS>
      <EPS asofDate="2017-12-31" reportType="A" period="3M">-4.380000</EPS>
      <EPS asofDate="2017-12-31" reportType="A" period="12M">18.270000</EPS>
      <EPS asofDate="2017-09-30" reportType="A" period="3M">9.710000</EPS>
      <EPS asofDate="2017-06-30" reportType="A" period="3M">5.090000</EPS>
      <EPS asofDate="2017-03-31" reportType="A" period="3M">7.850000</EPS>
      <EPS asofDate="2016-12-31" reportType="A" period="3M">7.730000</EPS>
      <EPS asofDate="2016-12-31" reportType="A" period="12M">28.320000</EPS>
      <EPS asofDate="2016-09-30" reportType="A" period="3M">7.360000</EPS>
      <EPS asofDate="2016-06-30" reportType="A" period="3M">7.110000</EPS>
      <EPS asofDate="2016-03-31" reportType="A" period="3M">6.120000</EPS>
      <EPS asofDate="2015-12-31" reportType="A" period="3M">7.160000</EPS>
      <EPS asofDate="2015-12-31" reportType="A" period="12M">23.110000</EPS>
      <EPS asofDate="2015-09-30" reportType="A" period="3M">5.800000</EPS>
      <EPS asofDate="2015-06-30" reportType="A" period="3M">4.987000</EPS>
      <EPS asofDate="2015-03-31" reportType="A" period="3M">5.266000</EPS>
      <EPS asofDate="2014-12-31" reportType="A" period="3M">7.020000</EPS>
      <EPS asofDate="2014-12-31" reportType="A" period="12M">21.370000</EPS>
      <EPS asofDate="2014-09-30" reportType="A" period="3M">4.150000</EPS>
      <EPS asofDate="2014-06-30" reportType="A" period="3M">5.070000</EPS>
      <EPS asofDate="2014-03-31" reportType="A" period="3M">2.567485</EPS>
      <EPS asofDate="2013-12-31" reportType="A" period="3M">5.049888</EPS>
      <EPS asofDate="2013-12-31" reportType="A" period="12M">19.428807</EPS>
      <EPS asofDate="2013-09-30" reportType="A" period="3M">4.454312</EPS>
      <EPS asofDate="2013-06-30" reportType="A" period="3M">4.859704</EPS>
      <EPS asofDate="2013-03-31" reportType="A" period="3M">5.069908</EPS>
      <EPS asofDate="2012-12-31" reportType="A" period="3M">4.384244</EPS>
      <EPS asofDate="2012-12-31" reportType="A" period="12M">16.420895</EPS>
      <EPS asofDate="2012-09-30" reportType="A" period="3M">3.323217</EPS>
      <EPS asofDate="2012-06-30" reportType="A" period="3M">4.274137</EPS>
      <EPS asofDate="2012-03-31" reportType="A" period="3M">4.444302</EPS>
      <EPS asofDate="2011-12-31" reportType="A" period="3M">4.179045</EPS>
      <EPS asofDate="2011-12-31" reportType="A" period="12M">15.099616</EPS>
      <EPS asofDate="2011-09-30" reportType="A" period="3M">4.224089</EPS>
      <EPS asofDate="2011-06-30" reportType="A" period="3M">3.888764</EPS>
      <EPS asofDate="2011-03-31" reportType="A" period="3M">2.797708</EPS>
      <EPS asofDate="2017-12-31" reportType="R" period="3M">-4.380000</EPS>
      <EPS asofDate="2017-12-31" reportType="R" period="12M">18.270000</EPS>
      <EPS asofDate="2017-09-30" reportType="R" period="3M">9.710000</EPS>
      <EPS asofDate="2017-09-30" reportType="R" period="12M">30.380000</EPS>
      <EPS asofDate="2017-06-30" reportType="R" period="3M">5.090000</EPS>
      <EPS asofDate="2017-06-30" reportType="R" period="12M">28.030000</EPS>
      <EPS asofDate="2017-03-31" reportType="R" period="3M">7.850000</EPS>
      <EPS asofDate="2017-03-31" reportType="R" period="12M">30.050000</EPS>
      <EPS asofDate="2016-12-31" reportType="R" period="3M">7.730000</EPS>
      <EPS asofDate="2016-12-31" reportType="R" period="12M">28.320000</EPS>
      <EPS asofDate="2016-09-30" reportType="R" period="3M">7.360000</EPS>
      <EPS asofDate="2016-09-30" reportType="R" period="12M">27.750000</EPS>
      <EPS asofDate="2016-06-30" reportType="R" period="3M">7.110000</EPS>
      <EPS asofDate="2016-06-30" reportType="R" period="12M">26.190000</EPS>
      <EPS asofDate="2016-03-31" reportType="R" period="3M">6.120000</EPS>
      <EPS asofDate="2016-03-31" reportType="R" period="12M">24.070000</EPS>
      <EPS asofDate="2015-12-31" reportType="R" period="3M">7.160000</EPS>
      <EPS asofDate="2015-12-31" reportType="R" period="12M">23.110000</EPS>
      <EPS asofDate="2015-09-30" reportType="R" period="3M">5.800000</EPS>
      <EPS asofDate="2015-09-30" reportType="R" period="12M">23.300000</EPS>
      <EPS asofDate="2015-06-30" reportType="R" period="3M">4.990000</EPS>
      <EPS asofDate="2015-06-30" reportType="R" period="12M">21.544000</EPS>
      <EPS asofDate="2015-03-31" reportType="R" period="3M">5.160000</EPS>
      <EPS asofDate="2015-03-31" reportType="R" period="12M">21.504000</EPS>
      <EPS asofDate="2014-12-31" reportType="R" period="3M">6.890000</EPS>
      <EPS asofDate="2014-12-31" reportType="R" period="12M">20.910000</EPS>
      <EPS asofDate="2014-09-30" reportType="R" period="3M">4.050000</EPS>
      <EPS asofDate="2014-09-30" reportType="R" period="12M">19.408807</EPS>
      <EPS asofDate="2014-06-30" reportType="R" period="3M">4.964000</EPS>
      <EPS asofDate="2014-06-30" reportType="R" period="12M">19.708807</EPS>
      <EPS asofDate="2014-03-31" reportType="R" period="3M">5.132000</EPS>
      <EPS asofDate="2014-03-31" reportType="R" period="12M">19.463841</EPS>
      <EPS asofDate="2013-12-31" reportType="R" period="3M">4.760000</EPS>
      <EPS asofDate="2013-12-31" reportType="R" period="12M">19.130000</EPS>
      <EPS asofDate="2013-09-30" reportType="R" period="3M">4.450000</EPS>
      <EPS asofDate="2013-09-30" reportType="R" period="12M">18.763163</EPS>
      <EPS asofDate="2013-06-30" reportType="R" period="3M">4.850000</EPS>
      <EPS asofDate="2013-06-30" reportType="R" period="12M">17.627063</EPS>
      <EPS asofDate="2013-03-31" reportType="R" period="3M">2.532451</EPS>
      <EPS asofDate="2013-03-31" reportType="R" period="12M">17.046501</EPS>
      <EPS asofDate="2012-12-31" reportType="R" period="3M">4.373349</EPS>
      <EPS asofDate="2012-12-31" reportType="R" period="12M">16.410000</EPS>
      <EPS asofDate="2012-09-30" reportType="R" period="3M">3.323217</EPS>
      <EPS asofDate="2012-09-30" reportType="R" period="12M">16.215697</EPS>
      <EPS asofDate="2012-06-30" reportType="R" period="3M">4.274137</EPS>
      <EPS asofDate="2012-06-30" reportType="R" period="12M">17.126579</EPS>
      <EPS asofDate="2012-03-31" reportType="R" period="3M">4.444302</EPS>
      <EPS asofDate="2012-03-31" reportType="R" period="12M">16.746210</EPS>
      <EPS asofDate="2011-12-31" reportType="R" period="3M">4.179045</EPS>
      <EPS asofDate="2011-12-31" reportType="R" period="12M">15.099616</EPS>
      <EPS asofDate="2011-09-30" reportType="R" period="3M">4.224089</EPS>
      <EPS asofDate="2011-09-30" reportType="R" period="12M">14.904427</EPS>
      <EPS asofDate="2011-06-30" reportType="R" period="3M">3.888764</EPS>
      <EPS asofDate="2011-06-30" reportType="R" period="12M">14.078628</EPS>
      <EPS asofDate="2011-03-31" reportType="R" period="3M">2.797708</EPS>
      <EPS asofDate="2011-03-31" reportType="R" period="12M">13.077659</EPS>
      <EPS asofDate="2017-12-31" reportType="P" period="3M">-4.350000</EPS>
      <EPS asofDate="2017-12-31" reportType="P" period="12M">18.270000</EPS>
      <EPS asofDate="2017-09-30" reportType="P" period="3M">0.097100</EPS>
      <EPS asofDate="2017-06-30" reportType="P" period="3M">5.090000</EPS>
      <EPS asofDate="2017-03-31" reportType="P" period="3M">7.850000</EPS>
      <EPS asofDate="2016-12-31" reportType="P" period="3M">7.730000</EPS>
      <EPS asofDate="2016-12-31" reportType="P" period="12M">28.320000</EPS>
      <EPS asofDate="2016-09-30" reportType="P" period="3M">7.360000</EPS>
      <EPS asofDate="2016-06-30" reportType="P" period="3M">7.110000</EPS>
      <EPS asofDate="2016-03-31" reportType="P" period="3M">6.120000</EPS>
      <EPS asofDate="2015-12-31" reportType="P" period="3M">7.160000</EPS>
      <EPS asofDate="2015-12-31" reportType="P" period="12M">23.110000</EPS>
      <EPS asofDate="2015-09-30" reportType="P" period="3M">5.800000</EPS>
      <EPS asofDate="2015-06-30" reportType="P" period="3M">4.990000</EPS>
      <EPS asofDate="2015-03-31" reportType="P" period="3M">5.270000</EPS>
      <EPS asofDate="2014-12-31" reportType="P" period="3M">7.010000</EPS>
      <EPS asofDate="2014-12-31" reportType="P" period="12M">21.370000</EPS>
      <EPS asofDate="2014-09-30" reportType="P" period="3M">4.150000</EPS>
      <EPS asofDate="2014-06-30" reportType="P" period="3M">5.070000</EPS>
      <EPS asofDate="2014-03-31" reportType="P" period="3M">5.134971</EPS>
      <EPS asofDate="2013-12-31" reportType="P" period="3M">5.044883</EPS>
      <EPS asofDate="2013-12-31" reportType="P" period="12M">19.428807</EPS>
      <EPS asofDate="2013-09-30" reportType="P" period="3M">4.454312</EPS>
      <EPS asofDate="2013-06-30" reportType="P" period="3M">4.859704</EPS>
      <EPS asofDate="2013-03-31" reportType="P" period="3M">5.069908</EPS>
      <EPS asofDate="2012-12-31" reportType="P" period="3M">4.389249</EPS>
      <EPS asofDate="2012-12-31" reportType="P" period="12M">16.420895</EPS>
      <EPS asofDate="2012-09-30" reportType="P" period="3M">3.323217</EPS>
      <EPS asofDate="2012-06-30" reportType="P" period="3M">4.274137</EPS>
      <EPS asofDate="2012-03-31" reportType="P" period="3M">4.444302</EPS>
      <EPS asofDate="2011-12-31" reportType="P" period="12M">15.099616</EPS>
      <EPS asofDate="2011-09-30" reportType="P" period="3M">4.224089</EPS>
      <EPS asofDate="2011-06-30" reportType="P" period="3M">3.888764</EPS>
   </EPSs>
</FinancialSummary>
