<FinancialSummary>
   <TotalRevenues currency="USD">
      <TotalRevenue asofDate="2017-09-30" reportType="TTM" period="12M">78367000000.000000</TotalRevenue>
      <TotalRevenue asofDate="2017-06-30" reportType="TTM" period="12M">78439000000.000000</TotalRevenue>
      <TotalRevenue asofDate="2017-03-31" reportType="TTM" period="12M">79390000000.000000</TotalRevenue>
      <TotalRevenue asofDate="2016-12-31" reportType="TTM" period="12M">79919000000.000000</TotalRevenue>
      <TotalRevenue asofDate="2016-09-30" reportType="TTM" period="12M">80208000000.000000</TotalRevenue>
      <TotalRevenue asofDate="2016-06-30" reportType="TTM" period="12M">80261000000.000000</TotalRevenue>
      <TotalRevenue asofDate="2016-03-31" reportType="TTM" period="12M">80835000000.000000</TotalRevenue>
      <TotalRevenue asofDate="2015-12-31" reportType="TTM" period="12M">81741000000.000000</TotalRevenue>
      <TotalRevenue asofDate="2015-09-30" reportType="TTM" period="12M">83795000000.000000</TotalRevenue>
      <TotalRevenue asofDate="2015-06-30" reportType="TTM" period="12M">86913000000.000000</TotalRevenue>
      <TotalRevenue asofDate="2015-03-31" reportType="TTM" period="12M">90147000000.000000</TotalRevenue>
      <TotalRevenue asofDate="2014-12-31" reportType="TTM" period="12M">92793000000.000000</TotalRevenue>
      <TotalRevenue asofDate="2014-09-30" reportType="TTM" period="12M">97449000000.000000</TotalRevenue>
      <TotalRevenue asofDate="2014-06-30" reportType="TTM" period="12M">98267000000.000000</TotalRevenue>
      <TotalRevenue asofDate="2014-03-31" reportType="TTM" period="12M">98827000000.000000</TotalRevenue>
      <TotalRevenue asofDate="2013-12-31" reportType="TTM" period="12M">99751000000.000000</TotalRevenue>
      <TotalRevenue asofDate="2013-09-30" reportType="TTM" period="12M">101356000000.000000</TotalRevenue>
      <TotalRevenue asofDate="2013-06-30" reportType="TTM" period="12M">102383000000.000000</TotalRevenue>
      <TotalRevenue asofDate="2013-03-31" reportType="TTM" period="12M">103242000000.000000</TotalRevenue>
      <TotalRevenue asofDate="2012-12-31" reportType="TTM" period="12M">104507000000.000000</TotalRevenue>
      <TotalRevenue asofDate="2012-09-30" reportType="TTM" period="12M">104689000000.000000</TotalRevenue>
      <TotalRevenue asofDate="2012-06-30" reportType="TTM" period="12M">106099000000.000000</TotalRevenue>
      <TotalRevenue asofDate="2012-03-31" reportType="TTM" period="12M">106982000000.000000</TotalRevenue>
      <TotalRevenue asofDate="2011-12-31" reportType="TTM" period="12M">106916000000.000000</TotalRevenue>
      <TotalRevenue asofDate="2017-09-30" reportType="A" period="3M">19153000000.000000</TotalRevenue>
      <TotalRevenue asofDate="2017-06-30" reportType="A" period="3M">19289000000.000000</TotalRevenue>
      <TotalRevenue asofDate="2017-03-31" reportType="A" period="3M">18155000000.000000</TotalRevenue>
      <TotalRevenue asofDate="2016-12-31" reportType="A" period="3M">21770000000.000000</TotalRevenue>
      <TotalRevenue asofDate="2016-12-31" reportType="A" period="12M">79919000000.000000</TotalRevenue>
      <TotalRevenue asofDate="2016-09-30" reportType="A" period="3M">19226000000.000000</TotalRevenue>
      <TotalRevenue asofDate="2016-06-30" reportType="A" period="3M">20238000000.000000</TotalRevenue>
      <TotalRevenue asofDate="2016-03-31" reportType="A" period="3M">18684000000.000000</TotalRevenue>
      <TotalRevenue asofDate="2015-12-31" reportType="A" period="3M">22059000000.000000</TotalRevenue>
      <TotalRevenue asofDate="2015-12-31" reportType="A" period="12M">81741000000.000000</TotalRevenue>
      <TotalRevenue asofDate="2015-09-30" reportType="A" period="3M">19280000000.000000</TotalRevenue>
      <TotalRevenue asofDate="2015-06-30" reportType="A" period="3M">20813000000.000000</TotalRevenue>
      <TotalRevenue asofDate="2015-03-31" reportType="A" period="3M">19590000000.000000</TotalRevenue>
      <TotalRevenue asofDate="2014-12-31" reportType="A" period="3M">24113000000.000000</TotalRevenue>
      <TotalRevenue asofDate="2014-12-31" reportType="A" period="12M">92793000000.000000</TotalRevenue>
      <TotalRevenue asofDate="2014-09-30" reportType="A" period="3M">22397000000.000000</TotalRevenue>
      <TotalRevenue asofDate="2014-06-30" reportType="A" period="3M">24364000000.000000</TotalRevenue>
      <TotalRevenue asofDate="2014-03-31" reportType="A" period="3M">22484000000.000000</TotalRevenue>
      <TotalRevenue asofDate="2013-12-31" reportType="A" period="3M">27699000000.000000</TotalRevenue>
      <TotalRevenue asofDate="2013-12-31" reportType="A" period="12M">99751000000.000000</TotalRevenue>
      <TotalRevenue asofDate="2013-09-30" reportType="A" period="3M">23720000000.000000</TotalRevenue>
      <TotalRevenue asofDate="2013-06-30" reportType="A" period="3M">24924000000.000000</TotalRevenue>
      <TotalRevenue asofDate="2013-03-31" reportType="A" period="3M">23408000000.000000</TotalRevenue>
      <TotalRevenue asofDate="2012-12-31" reportType="A" period="3M">29304000000.000000</TotalRevenue>
      <TotalRevenue asofDate="2012-12-31" reportType="A" period="12M">104507000000.000000</TotalRevenue>
      <TotalRevenue asofDate="2012-09-30" reportType="A" period="3M">24747000000.000000</TotalRevenue>
      <TotalRevenue asofDate="2012-06-30" reportType="A" period="3M">25783000000.000000</TotalRevenue>
      <TotalRevenue asofDate="2012-03-31" reportType="A" period="3M">24673000000.000000</TotalRevenue>
      <TotalRevenue asofDate="2011-12-31" reportType="A" period="3M">29486000000.000000</TotalRevenue>
      <TotalRevenue asofDate="2011-12-31" reportType="A" period="12M">106916000000.000000</TotalRevenue>
      <TotalRevenue asofDate="2011-09-30" reportType="A" period="3M">26157000000.000000</TotalRevenue>
      <TotalRevenue asofDate="2011-06-30" reportType="A" period="3M">26666000000.000000</TotalRevenue>
      <TotalRevenue asofDate="2011-03-31" reportType="A" period="3M">24607000000.000000</TotalRevenue>
      <TotalRevenue asofDate="2017-12-31" reportType="P" period="3M">22543000000.000000</TotalRevenue>
      <TotalRevenue asofDate="2017-12-31" reportType="P" period="12M">79139000000.000000</TotalRevenue>
      <TotalRevenue asofDate="2017-09-30" reportType="P" period="3M">19153000000.000000</TotalRevenue>
      <TotalRevenue asofDate="2017-06-30" reportType="P" period="3M">19289000000.000000</TotalRevenue>
      <TotalRevenue asofDate="2017-03-31" reportType="P" period="3M">18155000000.000000</TotalRevenue>
      <TotalRevenue asofDate="2016-12-31" reportType="P" period="3M">21770000000.000000</TotalRevenue>
      <TotalRevenue asofDate="2016-12-31" reportType="P" period="12M">79919000000.000000</TotalRevenue>
      <TotalRevenue asofDate="2016-09-30" reportType="P" period="3M">19226000000.000000</TotalRevenue>
      <TotalRevenue asofDate="2016-06-30" reportType="P" period="3M">20238000000.000000</TotalRevenue>
      <TotalRevenue asofDate="2016-03-31" reportType="P" period="3M">18684000000.000000</TotalRevenue>
      <TotalRevenue asofDate="2015-12-31" reportType="P" period="3M">22059000000.000000</TotalRevenue>
      <TotalRevenue asofDate="2015-12-31" reportType="P" period="12M">81741000000.000000</TotalRevenue>
      <TotalRevenue asofDate="2015-09-30" reportType="P" period="3M">19280000000.000000</TotalRevenue>
      <TotalRevenue asofDate="2015-06-30" reportType="P" period="3M">20813000000.000000</TotalRevenue>
      <TotalRevenue asofDate="2015-03-31" reportType="P" period="3M">19590000000.000000</TotalRevenue>
      <TotalRevenue asofDate="2014-12-31" reportType="P" period="3M">24113000000.000000</TotalRevenue>
      <TotalRevenue asofDate="2014-12-31" reportType="P" period="12M">92793000000.000000</TotalRevenue>
      <TotalRevenue asofDate="2014-09-30" reportType="P" period="3M">22397000000.000000</TotalRevenue>
      <TotalRevenue asofDate="2014-06-30" reportType="P" period="3M">24364000000.000000</TotalRevenue>
      <TotalRevenue asofDate="2014-03-31" reportType="P" period="3M">22484000000.000000</TotalRevenue>
      <TotalRevenue asofDate="2013-12-31" reportType="P" period="3M">27699000000.000000</TotalRevenue>
      <TotalRevenue asofDate="2013-12-31" reportType="P" period="12M">99751000000.000000</TotalRevenue>
      <TotalRevenue asofDate="2013-09-30" reportType="P" period="3M">23720000000.000000</TotalRevenue>
      <TotalRevenue asofDate="2013-06-30" reportType="P" period="3M">24924000000.000000</TotalRevenue>
      <TotalRevenue asofDate="2013-03-31" reportType="P" period="3M">23408000000.000000</TotalRevenue>
      <TotalRevenue asofDate="2012-12-31" reportType="P" period="3M">29304000000.000000</TotalRevenue>
      <TotalRevenue asofDate="2012-12-31" reportType="P" period="12M">104507000000.000000</TotalRevenue>
      <TotalRevenue asofDate="2012-09-30" reportType="P" period="3M">24747000000.000000</TotalRevenue>
      <TotalRevenue asofDate="2012-06-30" reportType="P" period="3M">25783000000.000000</TotalRevenue>
      <TotalRevenue asofDate="2012-03-31" reportType="P" period="3M">24673000000.000000</TotalRevenue>
      <TotalRevenue asofDate="2011-12-31" reportType="P" period="3M">29486000000.000000</TotalRevenue>
      <TotalRevenue asofDate="2011-12-31" reportType="P" period="12M">106916000000.000000</TotalRevenue>
      <TotalRevenue asofDate="2011-09-30" reportType="P" period="3M">26157000000.000000</TotalRevenue>
      <TotalRevenue asofDate="2011-06-30" reportType="P" period="3M">26666000000.000000</TotalRevenue>
      <TotalRevenue asofDate="2011-03-31" reportType="P" period="3M">24607000000.000000</TotalRevenue>
      <TotalRevenue asofDate="2017-09-30" reportType="R" period="3M">19153000000.000000</TotalRevenue>
      <TotalRevenue asofDate="2017-09-30" reportType="R" period="12M">78367000000.000000</TotalRevenue>
      <TotalRevenue asofDate="2017-06-30" reportType="R" period="3M">19289000000.000000</TotalRevenue>
      <TotalRevenue asofDate="2017-06-30" reportType="R" period="12M">78439000000.000000</TotalRevenue>
      <TotalRevenue asofDate="2017-03-31" reportType="R" period="3M">18155000000.000000</TotalRevenue>
      <TotalRevenue asofDate="2017-03-31" reportType="R" period="12M">79390000000.000000</TotalRevenue>
      <TotalRevenue asofDate="2016-12-31" reportType="R" period="3M">21770000000.000000</TotalRevenue>
      <TotalRevenue asofDate="2016-12-31" reportType="R" period="12M">79919000000.000000</TotalRevenue>
      <TotalRevenue asofDate="2016-09-30" reportType="R" period="3M">19226000000.000000</TotalRevenue>
      <TotalRevenue asofDate="2016-09-30" reportType="R" period="12M">80208000000.000000</TotalRevenue>
      <TotalRevenue asofDate="2016-06-30" reportType="R" period="3M">20238000000.000000</TotalRevenue>
      <TotalRevenue asofDate="2016-06-30" reportType="R" period="12M">80261000000.000000</TotalRevenue>
      <TotalRevenue asofDate="2016-03-31" reportType="R" period="3M">18684000000.000000</TotalRevenue>
      <TotalRevenue asofDate="2016-03-31" reportType="R" period="12M">80835000000.000000</TotalRevenue>
      <TotalRevenue asofDate="2015-12-31" reportType="R" period="3M">22059000000.000000</TotalRevenue>
      <TotalRevenue asofDate="2015-12-31" reportType="R" period="12M">81741000000.000000</TotalRevenue>
      <TotalRevenue asofDate="2015-09-30" reportType="R" period="3M">19280000000.000000</TotalRevenue>
      <TotalRevenue asofDate="2015-09-30" reportType="R" period="12M">83795000000.000000</TotalRevenue>
      <TotalRevenue asofDate="2015-06-30" reportType="R" period="3M">20813000000.000000</TotalRevenue>
      <TotalRevenue asofDate="2015-06-30" reportType="R" period="12M">86913000000.000000</TotalRevenue>
      <TotalRevenue asofDate="2015-03-31" reportType="R" period="3M">19590000000.000000</TotalRevenue>
      <TotalRevenue asofDate="2015-03-31" reportType="R" period="12M">90147000000.000000</TotalRevenue>
      <TotalRevenue asofDate="2014-12-31" reportType="R" period="3M">24113000000.000000</TotalRevenue>
      <TotalRevenue asofDate="2014-12-31" reportType="R" period="12M">92793000000.000000</TotalRevenue>
      <TotalRevenue asofDate="2014-09-30" reportType="R" period="3M">22397000000.000000</TotalRevenue>
      <TotalRevenue asofDate="2014-09-30" reportType="R" period="12M">97449000000.000000</TotalRevenue>
      <TotalRevenue asofDate="2014-06-30" reportType="R" period="3M">24047000000.000000</TotalRevenue>
      <TotalRevenue asofDate="2014-06-30" reportType="R" period="12M">98267000000.000000</TotalRevenue>
      <TotalRevenue asofDate="2014-03-31" reportType="R" period="3M">22236000000.000000</TotalRevenue>
      <TotalRevenue asofDate="2014-03-31" reportType="R" period="12M">98827000000.000000</TotalRevenue>
      <TotalRevenue asofDate="2013-12-31" reportType="R" period="3M">27385000000.000000</TotalRevenue>
      <TotalRevenue asofDate="2013-12-31" reportType="R" period="12M">98367000000.000000</TotalRevenue>
      <TotalRevenue asofDate="2013-09-30" reportType="R" period="3M">23338000000.000000</TotalRevenue>
      <TotalRevenue asofDate="2013-09-30" reportType="R" period="12M">101356000000.000000</TotalRevenue>
      <TotalRevenue asofDate="2013-06-30" reportType="R" period="3M">24924000000.000000</TotalRevenue>
      <TotalRevenue asofDate="2013-06-30" reportType="R" period="12M">102383000000.000000</TotalRevenue>
      <TotalRevenue asofDate="2013-03-31" reportType="R" period="3M">23408000000.000000</TotalRevenue>
      <TotalRevenue asofDate="2013-03-31" reportType="R" period="12M">103242000000.000000</TotalRevenue>
      <TotalRevenue asofDate="2012-12-31" reportType="R" period="3M">27671000000.000000</TotalRevenue>
      <TotalRevenue asofDate="2012-12-31" reportType="R" period="12M">102874000000.000000</TotalRevenue>
      <TotalRevenue asofDate="2012-09-30" reportType="R" period="3M">24747000000.000000</TotalRevenue>
      <TotalRevenue asofDate="2012-09-30" reportType="R" period="12M">104689000000.000000</TotalRevenue>
      <TotalRevenue asofDate="2012-06-30" reportType="R" period="3M">25783000000.000000</TotalRevenue>
      <TotalRevenue asofDate="2012-06-30" reportType="R" period="12M">106099000000.000000</TotalRevenue>
      <TotalRevenue asofDate="2012-03-31" reportType="R" period="3M">24673000000.000000</TotalRevenue>
      <TotalRevenue asofDate="2012-03-31" reportType="R" period="12M">106982000000.000000</TotalRevenue>
      <TotalRevenue asofDate="2011-12-31" reportType="R" period="3M">29486000000.000000</TotalRevenue>
      <TotalRevenue asofDate="2011-12-31" reportType="R" period="12M">106916000000.000000</TotalRevenue>
      <TotalRevenue asofDate="2011-09-30" reportType="R" period="3M">26157000000.000000</TotalRevenue>
      <TotalRevenue asofDate="2011-09-30" reportType="R" period="12M">106448000000.000000</TotalRevenue>
      <TotalRevenue asofDate="2011-06-30" reportType="R" period="3M">26667000000.000000</TotalRevenue>
      <TotalRevenue asofDate="2011-06-30" reportType="R" period="12M">104562000000.000000</TotalRevenue>
      <TotalRevenue asofDate="2011-03-31" reportType="R" period="3M">24607000000.000000</TotalRevenue>
      <TotalRevenue asofDate="2011-03-31" reportType="R" period="12M">101619000000.000000</TotalRevenue>
   </TotalRevenues>
   <DividendPerShares currency="USD">
      <DividendPerShare asofDate="2017-09-30" reportType="A" period="3M">1.500000</DividendPerShare>
      <DividendPerShare asofDate="2017-06-30" reportType="A" period="3M">1.500000</DividendPerShare>
      <DividendPerShare asofDate="2017-03-31" reportType="A" period="3M">1.400000</DividendPerShare>
      <DividendPerShare asofDate="2016-12-31" reportType="A" period="3M">1.400000</DividendPerShare>
      <DividendPerShare asofDate="2016-12-31" reportType="A" period="12M">5.500000</DividendPerShare>
      <DividendPerShare asofDate="2016-09-30" reportType="A" period="3M">1.400000</DividendPerShare>
      <DividendPerShare asofDate="2016-06-30" reportType="A" period="3M">1.400000</DividendPerShare>
      <DividendPerShare asofDate="2016-03-31" reportType="A" period="3M">1.300000</DividendPerShare>
      <DividendPerShare asofDate="2015-12-31" reportType="A" period="3M">1.300000</DividendPerShare>
      <DividendPerShare asofDate="2015-12-31" reportType="A" period="12M">5.000000</DividendPerShare>
      <DividendPerShare asofDate="2015-09-30" reportType="A" period="3M">1.300000</DividendPerShare>
      <DividendPerShare asofDate="2015-06-30" reportType="A" period="3M">1.300000</DividendPerShare>
      <DividendPerShare asofDate="2015-03-31" reportType="A" period="3M">1.100000</DividendPerShare>
      <DividendPerShare asofDate="2014-12-31" reportType="A" period="3M">1.100000</DividendPerShare>
      <DividendPerShare asofDate="2014-12-31" reportType="A" period="12M">4.250000</DividendPerShare>
      <DividendPerShare asofDate="2014-09-30" reportType="A" period="3M">1.100000</DividendPerShare>
      <DividendPerShare asofDate="2014-06-30" reportType="A" period="3M">1.100000</DividendPerShare>
      <DividendPerShare asofDate="2014-03-31" reportType="A" period="3M">0.950000</DividendPerShare>
      <DividendPerShare asofDate="2013-12-31" reportType="A" period="3M">0.950000</DividendPerShare>
      <DividendPerShare asofDate="2013-12-31" reportType="A" period="12M">3.700000</DividendPerShare>
      <DividendPerShare asofDate="2013-09-30" reportType="A" period="3M">0.950000</DividendPerShare>
      <DividendPerShare asofDate="2013-06-30" reportType="A" period="3M">0.950000</DividendPerShare>
      <DividendPerShare asofDate="2013-03-31" reportType="A" period="3M">0.850000</DividendPerShare>
      <DividendPerShare asofDate="2012-12-31" reportType="A" period="3M">0.850000</DividendPerShare>
      <DividendPerShare asofDate="2012-12-31" reportType="A" period="12M">3.300000</DividendPerShare>
      <DividendPerShare asofDate="2012-09-30" reportType="A" period="3M">0.850000</DividendPerShare>
      <DividendPerShare asofDate="2012-06-30" reportType="A" period="3M">0.850000</DividendPerShare>
      <DividendPerShare asofDate="2012-03-31" reportType="A" period="3M">0.750000</DividendPerShare>
      <DividendPerShare asofDate="2011-12-31" reportType="A" period="3M">0.750000</DividendPerShare>
      <DividendPerShare asofDate="2011-12-31" reportType="A" period="12M">2.900000</DividendPerShare>
      <DividendPerShare asofDate="2011-09-30" reportType="A" period="3M">0.750000</DividendPerShare>
      <DividendPerShare asofDate="2011-06-30" reportType="A" period="3M">0.750000</DividendPerShare>
      <DividendPerShare asofDate="2011-03-31" reportType="A" period="3M">0.650000</DividendPerShare>
      <DividendPerShare asofDate="2017-09-30" reportType="TTM" period="12M">5.800000</DividendPerShare>
      <DividendPerShare asofDate="2017-06-30" reportType="TTM" period="12M">5.700000</DividendPerShare>
      <DividendPerShare asofDate="2017-03-31" reportType="TTM" period="12M">5.600000</DividendPerShare>
      <DividendPerShare asofDate="2016-12-31" reportType="TTM" period="12M">5.500000</DividendPerShare>
      <DividendPerShare asofDate="2016-09-30" reportType="TTM" period="12M">5.400000</DividendPerShare>
      <DividendPerShare asofDate="2016-06-30" reportType="TTM" period="12M">5.300000</DividendPerShare>
      <DividendPerShare asofDate="2016-03-31" reportType="TTM" period="12M">5.200000</DividendPerShare>
      <DividendPerShare asofDate="2015-12-31" reportType="TTM" period="12M">5.000000</DividendPerShare>
      <DividendPerShare asofDate="2015-09-30" reportType="TTM" period="12M">4.800000</DividendPerShare>
      <DividendPerShare asofDate="2015-06-30" reportType="TTM" period="12M">4.600000</DividendPerShare>
      <DividendPerShare asofDate="2015-03-31" reportType="TTM" period="12M">4.400000</DividendPerShare>
      <DividendPerShare asofDate="2014-12-31" reportType="TTM" period="12M">4.250000</DividendPerShare>
      <DividendPerShare asofDate="2014-09-30" reportType="TTM" period="12M">4.100000</DividendPerShare>
      <DividendPerShare asofDate="2014-06-30" reportType="TTM" period="12M">3.950000</DividendPerShare>
      <DividendPerShare asofDate="2014-03-31" reportType="TTM" period="12M">3.800000</DividendPerShare>
      <DividendPerShare asofDate="2013-12-31" reportType="TTM" period="12M">3.700000</DividendPerShare>
      <DividendPerShare asofDate="2013-09-30" reportType="TTM" period="12M">3.600000</DividendPerShare>
      <DividendPerShare asofDate="2013-06-30" reportType="TTM" period="12M">3.500000</DividendPerShare>
      <DividendPerShare asofDate="2013-03-31" reportType="TTM" period="12M">3.400000</DividendPerShare>
      <DividendPerShare asofDate="2012-12-31" reportType="TTM" period="12M">3.300000</DividendPerShare>
      <DividendPerShare asofDate="2012-09-30" reportType="TTM" period="12M">3.200000</DividendPerShare>
      <DividendPerShare asofDate="2012-06-30" reportType="TTM" period="12M">3.100000</DividendPerShare>
      <DividendPerShare asofDate="2012-03-31" reportType="TTM" period="12M">3.000000</DividendPerShare>
      <DividendPerShare asofDate="2011-12-31" reportType="TTM" period="12M">2.900000</DividendPerShare>
      <DividendPerShare asofDate="2017-12-31" reportType="P" period="3M">1.500000</DividendPerShare>
      <DividendPerShare asofDate="2017-12-31" reportType="P" period="12M">5.900000</DividendPerShare>
      <DividendPerShare asofDate="2017-09-30" reportType="P" period="3M">1.500000</DividendPerShare>
      <DividendPerShare asofDate="2017-06-30" reportType="P" period="3M">1.500000</DividendPerShare>
      <DividendPerShare asofDate="2017-03-31" reportType="P" period="3M">1.400000</DividendPerShare>
      <DividendPerShare asofDate="2016-12-31" reportType="P" period="3M">1.400000</DividendPerShare>
      <DividendPerShare asofDate="2016-12-31" reportType="P" period="12M">5.500000</DividendPerShare>
      <DividendPerShare asofDate="2016-09-30" reportType="P" period="3M">1.400000</DividendPerShare>
      <DividendPerShare asofDate="2016-06-30" reportType="P" period="3M">1.400000</DividendPerShare>
      <DividendPerShare asofDate="2016-03-31" reportType="P" period="3M">1.300000</DividendPerShare>
      <DividendPerShare asofDate="2015-12-31" reportType="P" period="3M">1.300000</DividendPerShare>
      <DividendPerShare asofDate="2015-12-31" reportType="P" period="12M">5.000000</DividendPerShare>
      <DividendPerShare asofDate="2015-09-30" reportType="P" period="3M">1.300000</DividendPerShare>
      <DividendPerShare asofDate="2015-06-30" reportType="P" period="3M">1.300000</DividendPerShare>
      <DividendPerShare asofDate="2015-03-31" reportType="P" period="3M">1.100000</DividendPerShare>
      <DividendPerShare asofDate="2014-12-31" reportType="P" period="3M">1.100000</DividendPerShare>
      <DividendPerShare asofDate="2014-12-31" reportType="P" period="12M">4.250000</DividendPerShare>
      <DividendPerShare asofDate="2014-09-30" reportType="P" period="3M">1.100000</DividendPerShare>
      <DividendPerShare asofDate="2014-06-30" reportType="P" period="3M">1.100000</DividendPerShare>
      <DividendPerShare asofDate="2014-03-31" reportType="P" period="3M">0.950000</DividendPerShare>
      <DividendPerShare asofDate="2013-12-31" reportType="P" period="3M">0.950000</DividendPerShare>
      <DividendPerShare asofDate="2013-12-31" reportType="P" period="12M">3.700000</DividendPerShare>
      <DividendPerShare asofDate="2013-09-30" reportType="P" period="3M">0.950000</DividendPerShare>
      <DividendPerShare asofDate="2013-06-30" reportType="P" period="3M">0.950000</DividendPerShare>
      <DividendPerShare asofDate="2013-03-31" reportType="P" period="3M">0.850000</DividendPerShare>
      <DividendPerShare asofDate="2012-12-31" reportType="P" period="3M">0.850000</DividendPerShare>
      <DividendPerShare asofDate="2012-12-31" reportType="P" period="12M">3.300000</DividendPerShare>
      <DividendPerShare asofDate="2012-09-30" reportType="P" period="3M">0.850000</DividendPerShare>
      <DividendPerShare asofDate="2012-06-30" reportType="P" period="3M">0.850000</DividendPerShare>
      <DividendPerShare asofDate="2012-03-31" reportType="P" period="3M">0.750000</DividendPerShare>
      <DividendPerShare asofDate="2011-12-31" reportType="P" period="3M">0.750000</DividendPerShare>
      <DividendPerShare asofDate="2011-12-31" reportType="P" period="12M">2.900000</DividendPerShare>
      <DividendPerShare asofDate="2011-09-30" reportType="P" period="3M">0.750000</DividendPerShare>
      <DividendPerShare asofDate="2011-06-30" reportType="P" period="3M">0.750000</DividendPerShare>
      <DividendPerShare asofDate="2011-03-31" reportType="P" period="3M">0.650000</DividendPerShare>
      <DividendPerShare asofDate="2017-09-30" reportType="R" period="3M">1.500000</DividendPerShare>
      <DividendPerShare asofDate="2017-09-30" reportType="R" period="12M">5.800000</DividendPerShare>
      <DividendPerShare asofDate="2017-06-30" reportType="R" period="3M">1.500000</DividendPerShare>
      <DividendPerShare asofDate="2017-06-30" reportType="R" period="12M">5.700000</DividendPerShare>
      <DividendPerShare asofDate="2017-03-31" reportType="R" period="3M">1.400000</DividendPerShare>
      <DividendPerShare asofDate="2017-03-31" reportType="R" period="12M">5.600000</DividendPerShare>
      <DividendPerShare asofDate="2016-12-31" reportType="R" period="3M">1.400000</DividendPerShare>
      <DividendPerShare asofDate="2016-12-31" reportType="R" period="12M">5.500000</DividendPerShare>
      <DividendPerShare asofDate="2016-09-30" reportType="R" period="3M">1.400000</DividendPerShare>
      <DividendPerShare asofDate="2016-09-30" reportType="R" period="12M">5.400000</DividendPerShare>
      <DividendPerShare asofDate="2016-06-30" reportType="R" period="3M">1.400000</DividendPerShare>
      <DividendPerShare asofDate="2016-06-30" reportType="R" period="12M">5.300000</DividendPerShare>
      <DividendPerShare asofDate="2016-03-31" reportType="R" period="3M">1.300000</DividendPerShare>
      <DividendPerShare asofDate="2016-03-31" reportType="R" period="12M">5.200000</DividendPerShare>
      <DividendPerShare asofDate="2015-12-31" reportType="R" period="3M">1.300000</DividendPerShare>
      <DividendPerShare asofDate="2015-12-31" reportType="R" period="12M">5.000000</DividendPerShare>
      <DividendPerShare asofDate="2015-09-30" reportType="R" period="3M">1.300000</DividendPerShare>
      <DividendPerShare asofDate="2015-09-30" reportType="R" period="12M">4.800000</DividendPerShare>
      <DividendPerShare asofDate="2015-06-30" reportType="R" period="3M">1.300000</DividendPerShare>
      <DividendPerShare asofDate="2015-06-30" reportType="R" period="12M">4.600000</DividendPerShare>
      <DividendPerShare asofDate="2015-03-31" reportType="R" period="3M">1.100000</DividendPerShare>
      <DividendPerShare asofDate="2015-03-31" reportType="R" period="12M">4.400000</DividendPerShare>
      <DividendPerShare asofDate="2014-12-31" reportType="R" period="3M">1.100000</DividendPerShare>
      <DividendPerShare asofDate="2014-12-31" reportType="R" period="12M">4.250000</DividendPerShare>
      <DividendPerShare asofDate="2014-09-30" reportType="R" period="3M">1.100000</DividendPerShare>
      <DividendPerShare asofDate="2014-09-30" reportType="R" period="12M">4.100000</DividendPerShare>
      <DividendPerShare asofDate="2014-06-30" reportType="R" period="3M">1.100000</DividendPerShare>
      <DividendPerShare asofDate="2014-06-30" reportType="R" period="12M">3.950000</DividendPerShare>
      <DividendPerShare asofDate="2014-03-31" reportType="R" period="3M">0.950000</DividendPerShare>
      <DividendPerShare asofDate="2014-03-31" reportType="R" period="12M">3.800000</DividendPerShare>
      <DividendPerShare asofDate="2013-12-31" reportType="R" period="3M">0.950000</DividendPerShare>
      <DividendPerShare asofDate="2013-12-31" reportType="R" period="12M">3.700000</DividendPerShare>
      <DividendPerShare asofDate="2013-09-30" reportType="R" period="3M">0.950000</DividendPerShare>
      <DividendPerShare asofDate="2013-09-30" reportType="R" period="12M">3.600000</DividendPerShare>
      <DividendPerShare asofDate="2013-06-30" reportType="R" period="3M">0.950000</DividendPerShare>
      <DividendPerShare asofDate="2013-06-30" reportType="R" period="12M">3.500000</DividendPerShare>
      <DividendPerShare asofDate="2013-03-31" reportType="R" period="3M">0.850000</DividendPerShare>
      <DividendPerShare asofDate="2013-03-31" reportType="R" period="12M">3.400000</DividendPerShare>
      <DividendPerShare asofDate="2012-12-31" reportType="R" period="3M">0.850000</DividendPerShare>
      <DividendPerShare asofDate="2012-12-31" reportType="R" period="12M">3.300000</DividendPerShare>
      <DividendPerShare asofDate="2012-09-30" reportType="R" period="3M">0.850000</DividendPerShare>
      <DividendPerShare asofDate="2012-09-30" reportType="R" period="12M">3.200000</DividendPerShare>
      <DividendPerShare asofDate="2012-06-30" reportType="R" period="3M">0.850000</DividendPerShare>
      <DividendPerShare asofDate="2012-06-30" reportType="R" period="12M">3.100000</DividendPerShare>
      <DividendPerShare asofDate="2012-03-31" reportType="R" period="3M">0.750000</DividendPerShare>
      <DividendPerShare asofDate="2012-03-31" reportType="R" period="12M">3.000000</DividendPerShare>
      <DividendPerShare asofDate="2011-12-31" reportType="R" period="3M">0.750000</DividendPerShare>
      <DividendPerShare asofDate="2011-12-31" reportType="R" period="12M">2.900000</DividendPerShare>
      <DividendPerShare asofDate="2011-09-30" reportType="R" period="3M">0.750000</DividendPerShare>
      <DividendPerShare asofDate="2011-09-30" reportType="R" period="12M">2.800000</DividendPerShare>
      <DividendPerShare asofDate="2011-06-30" reportType="R" period="3M">0.750000</DividendPerShare>
      <DividendPerShare asofDate="2011-06-30" reportType="R" period="12M">2.700000</DividendPerShare>
      <DividendPerShare asofDate="2011-03-31" reportType="R" period="3M">0.650000</DividendPerShare>
      <DividendPerShare asofDate="2011-03-31" reportType="R" period="12M">2.600000</DividendPerShare>
   </DividendPerShares>
   <Dividends currency="USD">
      <Dividend type="CD" exDate="2018-02-08" recordDate="2018-02-09" payDate="2018-03-10" declarationDate="2018-01-31">1.500000</Dividend>
      <Dividend type="CD" exDate="2017-11-09" recordDate="2017-11-10" payDate="2017-12-09" declarationDate="2017-10-31">1.500000</Dividend>
      <Dividend type="CD" exDate="2017-08-08" recordDate="2017-08-10" payDate="2017-09-09" declarationDate="2017-07-25">1.500000</Dividend>
      <Dividend type="CD" exDate="2017-05-08" recordDate="2017-05-10" payDate="2017-06-10" declarationDate="2017-04-25">1.500000</Dividend>
      <Dividend type="CD" exDate="2017-02-08" recordDate="2017-02-10" payDate="2017-03-10" declarationDate="2017-01-31">1.400000</Dividend>
      <Dividend type="CD" exDate="2016-11-08" recordDate="2016-11-10" payDate="2016-12-10" declarationDate="2016-10-25">1.400000</Dividend>
      <Dividend type="CD" exDate="2016-08-08" recordDate="2016-08-10" payDate="2016-09-10" declarationDate="2016-07-26">1.400000</Dividend>
      <Dividend type="CD" exDate="2016-05-09" recordDate="2016-05-10" payDate="2016-06-10" declarationDate="2016-04-26">1.400000</Dividend>
      <Dividend type="CD" exDate="2016-05-06" recordDate="2016-05-10" payDate="2016-06-10" declarationDate="2016-04-26">1.400000</Dividend>
      <Dividend type="CD" exDate="2016-02-08" recordDate="2016-02-10" payDate="2016-03-10" declarationDate="2016-01-27">1.300000</Dividend>
      <Dividend type="CD" exDate="2015-11-06" recordDate="2015-11-10" payDate="2015-12-10" declarationDate="2015-10-27">1.300000</Dividend>
      <Dividend type="CD" exDate="2015-08-06" recordDate="2015-08-10" payDate="2015-09-10" declarationDate="2015-07-28">1.300000</Dividend>
      <Dividend type="CD" exDate="2015-05-07" recordDate="2015-05-08" payDate="2015-06-10" declarationDate="2015-04-28">1.300000</Dividend>
      <Dividend type="CD" exDate="2015-05-06" recordDate="2015-05-08" payDate="2015-06-10" declarationDate="2015-04-28">1.300000</Dividend>
      <Dividend type="CD" exDate="2015-02-06" recordDate="2015-02-10" payDate="2015-03-10" declarationDate="2015-01-27">1.100000</Dividend>
      <Dividend type="CD" exDate="2014-11-06" recordDate="2014-11-10" payDate="2014-12-10" declarationDate="2014-10-28">1.100000</Dividend>
      <Dividend type="CD" exDate="2014-08-06" recordDate="2014-08-08" payDate="2014-09-10" declarationDate="2014-07-29">1.100000</Dividend>
      <Dividend type="CD" exDate="2014-05-07" recordDate="2014-05-09" payDate="2014-06-10" declarationDate="2014-04-29">1.100000</Dividend>
      <Dividend type="CD" exDate="2014-02-06" recordDate="2014-02-10" payDate="2014-03-10" declarationDate="2014-01-28">0.950000</Dividend>
      <Dividend type="CD" exDate="2013-11-06" recordDate="2013-11-08" payDate="2013-12-10" declarationDate="2013-10-29">0.950000</Dividend>
      <Dividend type="CD" exDate="2013-08-07" recordDate="2013-08-09" payDate="2013-09-10" declarationDate="2013-07-30">0.950000</Dividend>
      <Dividend type="CD" exDate="2013-05-08" recordDate="2013-05-10" payDate="2013-06-10" declarationDate="2013-04-30">0.950000</Dividend>
      <Dividend type="CD" exDate="2013-02-06" recordDate="2013-02-08" payDate="2013-03-09" declarationDate="2013-01-29">0.850000</Dividend>
      <Dividend type="CD" exDate="2012-11-07" recordDate="2012-11-09" payDate="2012-12-10" declarationDate="2012-10-30">0.850000</Dividend>
      <Dividend type="CD" exDate="2012-08-08" recordDate="2012-08-10" payDate="2012-09-10" declarationDate="2012-08-01">0.850000</Dividend>
      <Dividend type="CD" exDate="2012-05-08" recordDate="2012-05-10" payDate="2012-06-09" declarationDate="2012-04-24">0.850000</Dividend>
      <Dividend type="CD" exDate="2012-02-08" recordDate="2012-02-10" payDate="2012-03-10" declarationDate="2012-02-01">0.750000</Dividend>
      <Dividend type="CD" exDate="2011-11-08" recordDate="2011-11-10" payDate="2011-12-10" declarationDate="2011-10-26">0.750000</Dividend>
      <Dividend type="CD" exDate="2011-08-08" recordDate="2011-08-10" payDate="2011-09-10" declarationDate="2011-07-27">0.750000</Dividend>
      <Dividend type="CD" exDate="2011-05-06" recordDate="2011-05-10" payDate="2011-06-10" declarationDate="2011-04-27">0.750000</Dividend>
      <Dividend type="CD" exDate="2011-02-08" recordDate="2011-02-10" payDate="2011-03-10" declarationDate="2011-01-26">0.650000</Dividend>
   </Dividends>
   <EPSs currency="USD">
      <EPS asofDate="2017-09-30" reportType="A" period="3M">2.930000</EPS>
      <EPS asofDate="2017-06-30" reportType="A" period="3M">2.490000</EPS>
      <EPS asofDate="2017-03-31" reportType="A" period="3M">1.860000</EPS>
      <EPS asofDate="2016-12-31" reportType="A" period="3M">4.730000</EPS>
      <EPS asofDate="2016-12-31" reportType="A" period="12M">12.430000</EPS>
      <EPS asofDate="2016-09-30" reportType="A" period="3M">2.990000</EPS>
      <EPS asofDate="2016-06-30" reportType="A" period="3M">2.620000</EPS>
      <EPS asofDate="2016-03-31" reportType="A" period="3M">2.090000</EPS>
      <EPS asofDate="2015-12-31" reportType="A" period="3M">4.590000</EPS>
      <EPS asofDate="2015-12-31" reportType="A" period="12M">13.480000</EPS>
      <EPS asofDate="2015-09-30" reportType="A" period="3M">3.030000</EPS>
      <EPS asofDate="2015-06-30" reportType="A" period="3M">3.510000</EPS>
      <EPS asofDate="2015-03-31" reportType="A" period="3M">2.360000</EPS>
      <EPS asofDate="2014-12-31" reportType="A" period="3M">5.490000</EPS>
      <EPS asofDate="2014-12-31" reportType="A" period="12M">11.970000</EPS>
      <EPS asofDate="2014-09-30" reportType="A" period="3M">0.020000</EPS>
      <EPS asofDate="2014-06-30" reportType="A" period="3M">4.140000</EPS>
      <EPS asofDate="2014-03-31" reportType="A" period="3M">2.300000</EPS>
      <EPS asofDate="2013-12-31" reportType="A" period="3M">5.710000</EPS>
      <EPS asofDate="2013-12-31" reportType="A" period="12M">15.060000</EPS>
      <EPS asofDate="2013-09-30" reportType="A" period="3M">3.700000</EPS>
      <EPS asofDate="2013-06-30" reportType="A" period="3M">2.930000</EPS>
      <EPS asofDate="2013-03-31" reportType="A" period="3M">2.720000</EPS>
      <EPS asofDate="2012-12-31" reportType="A" period="3M">5.150000</EPS>
      <EPS asofDate="2012-12-31" reportType="A" period="12M">14.530000</EPS>
      <EPS asofDate="2012-09-30" reportType="A" period="3M">3.360000</EPS>
      <EPS asofDate="2012-06-30" reportType="A" period="3M">3.380000</EPS>
      <EPS asofDate="2012-03-31" reportType="A" period="3M">2.650000</EPS>
      <EPS asofDate="2011-12-31" reportType="A" period="3M">4.650000</EPS>
      <EPS asofDate="2011-12-31" reportType="A" period="12M">13.250000</EPS>
      <EPS asofDate="2011-09-30" reportType="A" period="3M">3.230000</EPS>
      <EPS asofDate="2011-06-30" reportType="A" period="3M">3.040000</EPS>
      <EPS asofDate="2011-03-31" reportType="A" period="3M">2.340000</EPS>
      <EPS asofDate="2017-09-30" reportType="TTM" period="12M">12.010000</EPS>
      <EPS asofDate="2017-06-30" reportType="TTM" period="12M">12.070000</EPS>
      <EPS asofDate="2017-03-31" reportType="TTM" period="12M">12.200000</EPS>
      <EPS asofDate="2016-12-31" reportType="TTM" period="12M">12.430000</EPS>
      <EPS asofDate="2016-09-30" reportType="TTM" period="12M">12.290000</EPS>
      <EPS asofDate="2016-06-30" reportType="TTM" period="12M">12.330000</EPS>
      <EPS asofDate="2016-03-31" reportType="TTM" period="12M">13.210000</EPS>
      <EPS asofDate="2015-12-31" reportType="TTM" period="12M">13.480000</EPS>
      <EPS asofDate="2015-09-30" reportType="TTM" period="12M">14.441826</EPS>
      <EPS asofDate="2015-06-30" reportType="TTM" period="12M">11.412986</EPS>
      <EPS asofDate="2015-03-31" reportType="TTM" period="12M">12.056453</EPS>
      <EPS asofDate="2014-12-31" reportType="TTM" period="12M">11.970000</EPS>
      <EPS asofDate="2014-09-30" reportType="TTM" period="12M">12.414965</EPS>
      <EPS asofDate="2014-06-30" reportType="TTM" period="12M">15.955613</EPS>
      <EPS asofDate="2014-03-31" reportType="TTM" period="12M">14.732129</EPS>
      <EPS asofDate="2013-12-31" reportType="TTM" period="12M">15.060000</EPS>
      <EPS asofDate="2013-09-30" reportType="TTM" period="12M">14.565370</EPS>
      <EPS asofDate="2013-06-30" reportType="TTM" period="12M">14.220247</EPS>
      <EPS asofDate="2013-03-31" reportType="TTM" period="12M">14.648698</EPS>
      <EPS asofDate="2012-12-31" reportType="TTM" period="12M">14.530000</EPS>
      <EPS asofDate="2012-09-30" reportType="TTM" period="12M">14.086703</EPS>
      <EPS asofDate="2012-06-30" reportType="TTM" period="12M">13.944730</EPS>
      <EPS asofDate="2012-03-31" reportType="TTM" period="12M">13.594926</EPS>
      <EPS asofDate="2011-12-31" reportType="TTM" period="12M">13.250000</EPS>
      <EPS asofDate="2017-12-31" reportType="P" period="3M">-1.140000</EPS>
      <EPS asofDate="2017-12-31" reportType="P" period="12M">6.170000</EPS>
      <EPS asofDate="2017-09-30" reportType="P" period="3M">2.930000</EPS>
      <EPS asofDate="2017-06-30" reportType="P" period="3M">2.490000</EPS>
      <EPS asofDate="2017-03-31" reportType="P" period="3M">1.860000</EPS>
      <EPS asofDate="2016-12-31" reportType="P" period="3M">4.740000</EPS>
      <EPS asofDate="2016-12-31" reportType="P" period="12M">12.430000</EPS>
      <EPS asofDate="2016-09-30" reportType="P" period="3M">2.990000</EPS>
      <EPS asofDate="2016-06-30" reportType="P" period="3M">2.620000</EPS>
      <EPS asofDate="2016-03-31" reportType="P" period="3M">2.090000</EPS>
      <EPS asofDate="2015-12-31" reportType="P" period="3M">4.600000</EPS>
      <EPS asofDate="2015-12-31" reportType="P" period="12M">13.480000</EPS>
      <EPS asofDate="2015-09-30" reportType="P" period="3M">3.030000</EPS>
      <EPS asofDate="2015-06-30" reportType="P" period="3M">3.510000</EPS>
      <EPS asofDate="2015-03-31" reportType="P" period="3M">2.360000</EPS>
      <EPS asofDate="2014-12-31" reportType="P" period="3M">5.540000</EPS>
      <EPS asofDate="2014-12-31" reportType="P" period="12M">11.970000</EPS>
      <EPS asofDate="2014-09-30" reportType="P" period="3M">0.020000</EPS>
      <EPS asofDate="2014-06-30" reportType="P" period="3M">4.140000</EPS>
      <EPS asofDate="2014-03-31" reportType="P" period="3M">2.300000</EPS>
      <EPS asofDate="2013-12-31" reportType="P" period="3M">5.770000</EPS>
      <EPS asofDate="2013-12-31" reportType="P" period="12M">15.060000</EPS>
      <EPS asofDate="2013-09-30" reportType="P" period="3M">3.700000</EPS>
      <EPS asofDate="2013-06-30" reportType="P" period="3M">2.930000</EPS>
      <EPS asofDate="2013-03-31" reportType="P" period="3M">2.720000</EPS>
      <EPS asofDate="2012-12-31" reportType="P" period="3M">5.190000</EPS>
      <EPS asofDate="2012-12-31" reportType="P" period="12M">14.530000</EPS>
      <EPS asofDate="2012-09-30" reportType="P" period="3M">3.360000</EPS>
      <EPS asofDate="2012-06-30" reportType="P" period="3M">3.380000</EPS>
      <EPS asofDate="2012-03-31" reportType="P" period="3M">2.650000</EPS>
      <EPS asofDate="2011-12-31" reportType="P" period="3M">4.680000</EPS>
      <EPS asofDate="2011-12-31" reportType="P" period="12M">13.250000</EPS>
      <EPS asofDate="2011-09-30" reportType="P" period="3M">3.230000</EPS>
      <EPS asofDate="2011-06-30" reportType="P" period="3M">3.040000</EPS>
      <EPS asofDate="2011-03-31" reportType="P" period="3M">2.340000</EPS>
      <EPS asofDate="2017-09-30" reportType="R" period="3M">2.930000</EPS>
      <EPS asofDate="2017-09-30" reportType="R" period="12M">12.010000</EPS>
      <EPS asofDate="2017-06-30" reportType="R" period="3M">2.490000</EPS>
      <EPS asofDate="2017-06-30" reportType="R" period="12M">12.070000</EPS>
      <EPS asofDate="2017-03-31" reportType="R" period="3M">1.860000</EPS>
      <EPS asofDate="2017-03-31" reportType="R" period="12M">12.200000</EPS>
      <EPS asofDate="2016-12-31" reportType="R" period="3M">4.730000</EPS>
      <EPS asofDate="2016-12-31" reportType="R" period="12M">12.430000</EPS>
      <EPS asofDate="2016-09-30" reportType="R" period="3M">2.990000</EPS>
      <EPS asofDate="2016-09-30" reportType="R" period="12M">12.290000</EPS>
      <EPS asofDate="2016-06-30" reportType="R" period="3M">2.620000</EPS>
      <EPS asofDate="2016-06-30" reportType="R" period="12M">12.330000</EPS>
      <EPS asofDate="2016-03-31" reportType="R" period="3M">2.090000</EPS>
      <EPS asofDate="2016-03-31" reportType="R" period="12M">13.210000</EPS>
      <EPS asofDate="2015-12-31" reportType="R" period="3M">4.590000</EPS>
      <EPS asofDate="2015-12-31" reportType="R" period="12M">13.480000</EPS>
      <EPS asofDate="2015-09-30" reportType="R" period="3M">3.030000</EPS>
      <EPS asofDate="2015-09-30" reportType="R" period="12M">14.380000</EPS>
      <EPS asofDate="2015-06-30" reportType="R" period="3M">3.510000</EPS>
      <EPS asofDate="2015-06-30" reportType="R" period="12M">11.420000</EPS>
      <EPS asofDate="2015-03-31" reportType="R" period="3M">2.360000</EPS>
      <EPS asofDate="2015-03-31" reportType="R" period="12M">12.030000</EPS>
      <EPS asofDate="2014-12-31" reportType="R" period="3M">5.490000</EPS>
      <EPS asofDate="2014-12-31" reportType="R" period="12M">11.970000</EPS>
      <EPS asofDate="2014-09-30" reportType="R" period="3M">0.020000</EPS>
      <EPS asofDate="2014-09-30" reportType="R" period="12M">12.190000</EPS>
      <EPS asofDate="2014-06-30" reportType="R" period="3M">4.140000</EPS>
      <EPS asofDate="2014-06-30" reportType="R" period="12M">15.820000</EPS>
      <EPS asofDate="2014-03-31" reportType="R" period="3M">2.300000</EPS>
      <EPS asofDate="2014-03-31" reportType="R" period="12M">14.640000</EPS>
      <EPS asofDate="2013-12-31" reportType="R" period="3M">5.710000</EPS>
      <EPS asofDate="2013-12-31" reportType="R" period="12M">15.060000</EPS>
      <EPS asofDate="2013-09-30" reportType="R" period="3M">3.700000</EPS>
      <EPS asofDate="2013-09-30" reportType="R" period="12M">14.500000</EPS>
      <EPS asofDate="2013-06-30" reportType="R" period="3M">2.930000</EPS>
      <EPS asofDate="2013-06-30" reportType="R" period="12M">14.160000</EPS>
      <EPS asofDate="2013-03-31" reportType="R" period="3M">2.720000</EPS>
      <EPS asofDate="2013-03-31" reportType="R" period="12M">14.600000</EPS>
      <EPS asofDate="2012-12-31" reportType="R" period="3M">5.150000</EPS>
      <EPS asofDate="2012-12-31" reportType="R" period="12M">14.530000</EPS>
      <EPS asofDate="2012-09-30" reportType="R" period="3M">3.360000</EPS>
      <EPS asofDate="2012-09-30" reportType="R" period="12M">14.030000</EPS>
      <EPS asofDate="2012-06-30" reportType="R" period="3M">3.380000</EPS>
      <EPS asofDate="2012-06-30" reportType="R" period="12M">13.890000</EPS>
      <EPS asofDate="2012-03-31" reportType="R" period="3M">2.650000</EPS>
      <EPS asofDate="2012-03-31" reportType="R" period="12M">13.560000</EPS>
      <EPS asofDate="2011-12-31" reportType="R" period="3M">4.650000</EPS>
      <EPS asofDate="2011-12-31" reportType="R" period="12M">13.250000</EPS>
      <EPS asofDate="2011-09-30" reportType="R" period="3M">3.230000</EPS>
      <EPS asofDate="2011-09-30" reportType="R" period="12M">12.800000</EPS>
      <EPS asofDate="2011-06-30" reportType="R" period="3M">3.040000</EPS>
      <EPS asofDate="2011-06-30" reportType="R" period="12M">12.430000</EPS>
      <EPS asofDate="2011-03-31" reportType="R" period="3M">2.340000</EPS>
      <EPS asofDate="2011-03-31" reportType="R" period="12M">12.030000</EPS>
   </EPSs>
</FinancialSummary>
