<?xml version="1.0" encoding="UTF-8"?>
<ReportFinancialStatements Major="1" Minor="0" Revision="1">
<CoIDs>
<CoID Type="RepNo">4741N</CoID>
<CoID Type="CompanyName">International Business Machines Corp.</CoID>
<CoID Type="IRSNo">130871985</CoID>
<CoID Type="CIKNo">0000051143</CoID>
</CoIDs>
<Issues>
<Issue ID="1" Type="C" Desc="Common Stock" Order="1">
<IssueID Type="Name">Ordinary Shares</IssueID>
<IssueID Type="Ticker">IBM</IssueID>
<IssueID Type="CUSIP">459200101</IssueID>
<IssueID Type="ISIN">US4592001014</IssueID>
<IssueID Type="RIC">IBM</IssueID>
<IssueID Type="SEDOL">2005973</IssueID>
<IssueID Type="DisplayRIC">IBM.N</IssueID>
<IssueID Type="InstrumentPI">261483</IssueID>
<IssueID Type="QuotePI">1090370</IssueID>
<Exchange Code="NYSE" Country="USA">New York Stock Exchange</Exchange>
<MostRecentSplit Date="1999-05-27">2.0</MostRecentSplit>
</Issue>
</Issues>
<CoGeneralInfo>
<CoStatus Code="1">Active</CoStatus>
<CoType Code="EQU">Equity Issue</CoType>
<LastModified>2018-01-19</LastModified>
<LatestAvailableAnnual>2017-12-31</LatestAvailableAnnual>
<LatestAvailableInterim>2017-12-31</LatestAvailableInterim>
<ReportingCurrency Code="USD">U.S. Dollars</ReportingCurrency>
<MostRecentExchange Date="2018-01-18">1.0</MostRecentExchange>
</CoGeneralInfo>
<StatementInfo>
<COAType Code="IND">Industry</COAType>
<BalanceSheetDisplay Code="CUR">Differentiates</BalanceSheetDisplay>
<CashFlowMethod Code="IND">Indirect</CashFlowMethod>
</StatementInfo>
<Notes>
<CFAAvailability Code="1" />
<IAvailability Code="1" />
<ISIAvailability Code="1" />
<BSIAvailability Code="1" />
<CFIAvailability Code="1" />
</Notes>
<FinancialStatements>
<COAMap>
<mapItem coaItem="SREV" statementType="INC" lineID="100" precision="1">Revenue</mapItem>
<mapItem coaItem="SORE" statementType="INC" lineID="300" precision="1">Other Revenue, Total</mapItem>
<mapItem coaItem="RTLR" statementType="INC" lineID="310" precision="1">Total Revenue</mapItem>
<mapItem coaItem="SCOR" statementType="INC" lineID="360" precision="1">Cost of Revenue, Total</mapItem>
<mapItem coaItem="SGRP" statementType="INC" lineID="370" precision="1">Gross Profit</mapItem>
<mapItem coaItem="SSGA" statementType="INC" lineID="550" precision="1">Selling/General/Admin. Expenses, Total</mapItem>
<mapItem coaItem="ERAD" statementType="INC" lineID="560" precision="1">Research &amp; Development</mapItem>
<mapItem coaItem="SDPR" statementType="INC" lineID="600" precision="1">Depreciation/Amortization</mapItem>
<mapItem coaItem="SINN" statementType="INC" lineID="671" precision="1">Interest Exp.(Inc.),Net-Operating, Total</mapItem>
<mapItem coaItem="SUIE" statementType="INC" lineID="740" precision="1">Unusual Expense (Income)</mapItem>
<mapItem coaItem="SOOE" statementType="INC" lineID="820" precision="1">Other Operating Expenses, Total</mapItem>
<mapItem coaItem="ETOE" statementType="INC" lineID="830" precision="1">Total Operating Expense</mapItem>
<mapItem coaItem="SOPI" statementType="INC" lineID="840" precision="1">Operating Income</mapItem>
<mapItem coaItem="SNIN" statementType="INC" lineID="911" precision="1">Interest Inc.(Exp.),Net-Non-Op., Total</mapItem>
<mapItem coaItem="NGLA" statementType="INC" lineID="920" precision="1">Gain (Loss) on Sale of Assets</mapItem>
<mapItem coaItem="SONT" statementType="INC" lineID="1270" precision="1">Other, Net</mapItem>
<mapItem coaItem="EIBT" statementType="INC" lineID="1280" precision="1">Net Income Before Taxes</mapItem>
<mapItem coaItem="TTAX" statementType="INC" lineID="1290" precision="1">Provision for Income Taxes</mapItem>
<mapItem coaItem="TIAT" statementType="INC" lineID="1300" precision="1">Net Income After Taxes</mapItem>
<mapItem coaItem="CMIN" statementType="INC" lineID="1310" precision="1">Minority Interest</mapItem>
<mapItem coaItem="CEIA" statementType="INC" lineID="1320" precision="1">Equity In Affiliates</mapItem>
<mapItem coaItem="CGAP" statementType="INC" lineID="1330" precision="1">U.S. GAAP Adjustment</mapItem>
<mapItem coaItem="NIBX" statementType="INC" lineID="1340" precision="1">Net Income Before Extra. Items</mapItem>
<mapItem coaItem="STXI" statementType="INC" lineID="1390" precision="1">Total Extraordinary Items</mapItem>
<mapItem coaItem="NINC" statementType="INC" lineID="1400" precision="1">Net Income</mapItem>
<mapItem coaItem="SANI" statementType="INC" lineID="1460" precision="1">Total Adjustments to Net Income</mapItem>
<mapItem coaItem="CIAC" statementType="INC" lineID="1470" precision="1">Income Available to Com Excl ExtraOrd</mapItem>
<mapItem coaItem="XNIC" statementType="INC" lineID="1480" precision="1">Income Available to Com Incl ExtraOrd</mapItem>
<mapItem coaItem="SDAJ" statementType="INC" lineID="1520" precision="1">Dilution Adjustment</mapItem>
<mapItem coaItem="SDNI" statementType="INC" lineID="1530" precision="1">Diluted Net Income</mapItem>
<mapItem coaItem="SDWS" statementType="INC" lineID="1540" precision="2">Diluted Weighted Average Shares</mapItem>
<mapItem coaItem="SDBF" statementType="INC" lineID="1550" precision="3">Diluted EPS Excluding ExtraOrd Items</mapItem>
<mapItem coaItem="DDPS1" statementType="INC" lineID="1570" precision="3">DPS - Common Stock Primary Issue</mapItem>
<mapItem coaItem="VDES" statementType="INC" lineID="1770" precision="3">Diluted Normalized EPS</mapItem>
<mapItem coaItem="ACSH" statementType="BAL" lineID="10" precision="1">Cash</mapItem>
<mapItem coaItem="ACAE" statementType="BAL" lineID="20" precision="1">Cash &amp; Equivalents</mapItem>
<mapItem coaItem="ASTI" statementType="BAL" lineID="30" precision="1">Short Term Investments</mapItem>
<mapItem coaItem="SCSI" statementType="BAL" lineID="40" precision="1">Cash and Short Term Investments</mapItem>
<mapItem coaItem="AACR" statementType="BAL" lineID="70" precision="1">Accounts Receivable - Trade, Net</mapItem>
<mapItem coaItem="ATRC" statementType="BAL" lineID="100" precision="1">Total Receivables, Net</mapItem>
<mapItem coaItem="AITL" statementType="BAL" lineID="180" precision="1">Total Inventory</mapItem>
<mapItem coaItem="APPY" statementType="BAL" lineID="190" precision="1">Prepaid Expenses</mapItem>
<mapItem coaItem="SOCA" statementType="BAL" lineID="260" precision="1">Other Current Assets, Total</mapItem>
<mapItem coaItem="ATCA" statementType="BAL" lineID="270" precision="1">Total Current Assets</mapItem>
<mapItem coaItem="APTC" statementType="BAL" lineID="520" precision="1">Property/Plant/Equipment, Total - Gross</mapItem>
<mapItem coaItem="ADEP" statementType="BAL" lineID="530" precision="1">Accumulated Depreciation, Total</mapItem>
<mapItem coaItem="APPN" statementType="BAL" lineID="540" precision="1">Property/Plant/Equipment, Total - Net</mapItem>
<mapItem coaItem="AGWI" statementType="BAL" lineID="570" precision="1">Goodwill, Net</mapItem>
<mapItem coaItem="AINT" statementType="BAL" lineID="600" precision="1">Intangibles, Net</mapItem>
<mapItem coaItem="SINV" statementType="BAL" lineID="690" precision="1">Long Term Investments</mapItem>
<mapItem coaItem="ALTR" statementType="BAL" lineID="710" precision="1">Note Receivable - Long Term</mapItem>
<mapItem coaItem="SOLA" statementType="BAL" lineID="780" precision="1">Other Long Term Assets, Total</mapItem>
<mapItem coaItem="ATOT" statementType="BAL" lineID="880" precision="1">Total Assets</mapItem>
<mapItem coaItem="LAPB" statementType="BAL" lineID="890" precision="1">Accounts Payable</mapItem>
<mapItem coaItem="LPBA" statementType="BAL" lineID="900" precision="1">Payable/Accrued</mapItem>
<mapItem coaItem="LAEX" statementType="BAL" lineID="910" precision="1">Accrued Expenses</mapItem>
<mapItem coaItem="LSTD" statementType="BAL" lineID="1120" precision="1">Notes Payable/Short Term Debt</mapItem>
<mapItem coaItem="LCLD" statementType="BAL" lineID="1130" precision="1">Current Port. of  LT Debt/Capital Leases</mapItem>
<mapItem coaItem="SOCL" statementType="BAL" lineID="1220" precision="1">Other Current liabilities, Total</mapItem>
<mapItem coaItem="LTCL" statementType="BAL" lineID="1230" precision="1">Total Current Liabilities</mapItem>
<mapItem coaItem="LLTD" statementType="BAL" lineID="1240" precision="1">Long Term Debt</mapItem>
<mapItem coaItem="LCLO" statementType="BAL" lineID="1250" precision="1">Capital Lease Obligations</mapItem>
<mapItem coaItem="LTTD" statementType="BAL" lineID="1260" precision="1">Total Long Term Debt</mapItem>
<mapItem coaItem="STLD" statementType="BAL" lineID="1270" precision="1">Total Debt</mapItem>
<mapItem coaItem="SBDT" statementType="BAL" lineID="1300" precision="1">Deferred Income Tax</mapItem>
<mapItem coaItem="LMIN" statementType="BAL" lineID="1310" precision="1">Minority Interest</mapItem>
<mapItem coaItem="SLTL" statementType="BAL" lineID="1370" precision="1">Other Liabilities, Total</mapItem>
<mapItem coaItem="LTLL" statementType="BAL" lineID="1380" precision="1">Total Liabilities</mapItem>
<mapItem coaItem="SRPR" statementType="BAL" lineID="1410" precision="1">Redeemable Preferred Stock, Total</mapItem>
<mapItem coaItem="SPRS" statementType="BAL" lineID="1460" precision="1">Preferred Stock - Non Redeemable, Net</mapItem>
<mapItem coaItem="SCMS" statementType="BAL" lineID="1490" precision="1">Common Stock, Total</mapItem>
<mapItem coaItem="QPIC" statementType="BAL" lineID="1500" precision="1">Additional Paid-In Capital</mapItem>
<mapItem coaItem="QRED" statementType="BAL" lineID="1510" precision="1">Retained Earnings (Accumulated Deficit)</mapItem>
<mapItem coaItem="QTSC" statementType="BAL" lineID="1520" precision="1">Treasury Stock - Common</mapItem>
<mapItem coaItem="QEDG" statementType="BAL" lineID="1530" precision="1">ESOP Debt Guarantee</mapItem>
<mapItem coaItem="QUGL" statementType="BAL" lineID="1540" precision="1">Unrealized Gain (Loss)</mapItem>
<mapItem coaItem="SOTE" statementType="BAL" lineID="1590" precision="1">Other Equity, Total</mapItem>
<mapItem coaItem="QTLE" statementType="BAL" lineID="1600" precision="1">Total Equity</mapItem>
<mapItem coaItem="QTEL" statementType="BAL" lineID="1610" precision="1">Total Liabilities &amp; Shareholders' Equity</mapItem>
<mapItem coaItem="QTCO" statementType="BAL" lineID="1660" precision="2">Total Common Shares Outstanding</mapItem>
<mapItem coaItem="QTPO" statementType="BAL" lineID="1770" precision="2">Total Preferred Shares Outstanding</mapItem>
<mapItem coaItem="STBP" statementType="BAL" lineID="1980" precision="3">Tangible Book Value per Share, Common Eq</mapItem>
<mapItem coaItem="ONET" statementType="CAS" lineID="10" precision="1">Net Income/Starting Line</mapItem>
<mapItem coaItem="SDED" statementType="CAS" lineID="40" precision="1">Depreciation/Depletion</mapItem>
<mapItem coaItem="SAMT" statementType="CAS" lineID="80" precision="1">Amortization</mapItem>
<mapItem coaItem="OBDT" statementType="CAS" lineID="90" precision="1">Deferred Taxes</mapItem>
<mapItem coaItem="SNCI" statementType="CAS" lineID="170" precision="1">Non-Cash Items</mapItem>
<mapItem coaItem="SOCF" statementType="CAS" lineID="470" precision="1">Changes in Working Capital</mapItem>
<mapItem coaItem="OTLO" statementType="CAS" lineID="480" precision="1">Cash from Operating Activities</mapItem>
<mapItem coaItem="SCEX" statementType="CAS" lineID="520" precision="1">Capital Expenditures</mapItem>
<mapItem coaItem="SICF" statementType="CAS" lineID="670" precision="1">Other Investing Cash Flow Items, Total</mapItem>
<mapItem coaItem="ITLI" statementType="CAS" lineID="680" precision="1">Cash from Investing Activities</mapItem>
<mapItem coaItem="SFCF" statementType="CAS" lineID="730" precision="1">Financing Cash Flow Items</mapItem>
<mapItem coaItem="FCDP" statementType="CAS" lineID="760" precision="1">Total Cash Dividends Paid</mapItem>
<mapItem coaItem="FPSS" statementType="CAS" lineID="880" precision="1">Issuance (Retirement) of Stock, Net</mapItem>
<mapItem coaItem="FPRD" statementType="CAS" lineID="970" precision="1">Issuance (Retirement) of Debt, Net</mapItem>
<mapItem coaItem="FTLF" statementType="CAS" lineID="980" precision="1">Cash from Financing Activities</mapItem>
<mapItem coaItem="SFEE" statementType="CAS" lineID="990" precision="1">Foreign Exchange Effects</mapItem>
<mapItem coaItem="SNCC" statementType="CAS" lineID="1000" precision="1">Net Change in Cash</mapItem>
<mapItem coaItem="SCIP" statementType="CAS" lineID="1040" precision="1">Cash Interest Paid</mapItem>
<mapItem coaItem="SCTP" statementType="CAS" lineID="1050" precision="1">Cash Taxes Paid</mapItem>
</COAMap>
<AnnualPeriods>
<FiscalPeriod Type="Annual" EndDate="2017-12-31" FiscalYear="2017">
<Statement Type="INC">
<FPHeader>
<PeriodLength>12</PeriodLength>
<periodType Code="M">Months</periodType>
<UpdateType Code="UPD">Updated Normal</UpdateType>
<AccountingStd></AccountingStd>
<StatementDate>2017-12-31</StatementDate>
<Source Date="2018-01-18">8-K</Source>
</FPHeader>
<lineItem coaCode="SREV">79139.000000</lineItem>
<lineItem coaCode="RTLR">79139.000000</lineItem>
<lineItem coaCode="SCOR">42912.000000</lineItem>
<lineItem coaCode="SGRP">36227.000000</lineItem>
<lineItem coaCode="SSGA">20107.000000</lineItem>
<lineItem coaCode="ERAD">5787.000000</lineItem>
<lineItem coaCode="SINN">615.000000</lineItem>
<lineItem coaCode="SOOE">-1682.000000</lineItem>
<lineItem coaCode="ETOE">67739.000000</lineItem>
<lineItem coaCode="SOPI">11400.000000</lineItem>
<lineItem coaCode="EIBT">11400.000000</lineItem>
<lineItem coaCode="TTAX">5642.000000</lineItem>
<lineItem coaCode="TIAT">5758.000000</lineItem>
<lineItem coaCode="NIBX">5758.000000</lineItem>
<lineItem coaCode="STXI">-5.000000</lineItem>
<lineItem coaCode="NINC">5753.000000</lineItem>
<lineItem coaCode="CIAC">5758.000000</lineItem>
<lineItem coaCode="XNIC">5753.000000</lineItem>
<lineItem coaCode="SDNI">5753.000000</lineItem>
<lineItem coaCode="SDWS">937.400000</lineItem>
<lineItem coaCode="SDBF">6.142520</lineItem>
<lineItem coaCode="DDPS1">5.900000</lineItem>
<lineItem coaCode="VDES">5.376570</lineItem>
</Statement>
<Statement Type="BAL">
<FPHeader>
<UpdateType Code="UPD">Updated Normal</UpdateType>
<StatementDate>2017-12-31</StatementDate>
<Source Date="2018-01-18">8-K</Source>
</FPHeader>
<lineItem coaCode="ACAE">11972.000000</lineItem>
<lineItem coaCode="ASTI">608.000000</lineItem>
<lineItem coaCode="SCSI">12580.000000</lineItem>
<lineItem coaCode="AACR">8928.000000</lineItem>
<lineItem coaCode="ATRC">31630.000000</lineItem>
<lineItem coaCode="AITL">1583.000000</lineItem>
<lineItem coaCode="APPY">3942.000000</lineItem>
<lineItem coaCode="ATCA">49735.000000</lineItem>
<lineItem coaCode="APPN">11116.000000</lineItem>
<lineItem coaCode="AINT">40531.000000</lineItem>
<lineItem coaCode="SINV">4919.000000</lineItem>
<lineItem coaCode="ALTR">9550.000000</lineItem>
<lineItem coaCode="SOLA">9505.000000</lineItem>
<lineItem coaCode="ATOT">125356.000000</lineItem>
<lineItem coaCode="LAPB">6451.000000</lineItem>
<lineItem coaCode="LCLD">6987.000000</lineItem>
<lineItem coaCode="SOCL">23925.000000</lineItem>
<lineItem coaCode="LTCL">37363.000000</lineItem>
<lineItem coaCode="LLTD">39837.000000</lineItem>
<lineItem coaCode="LTTD">39837.000000</lineItem>
<lineItem coaCode="STLD">46824.000000</lineItem>
<lineItem coaCode="LMIN">131.000000</lineItem>
<lineItem coaCode="SLTL">30431.000000</lineItem>
<lineItem coaCode="LTLL">107762.000000</lineItem>
<lineItem coaCode="SCMS">54566.000000</lineItem>
<lineItem coaCode="QRED">153126.000000</lineItem>
<lineItem coaCode="QTSC">-163507.000000</lineItem>
<lineItem coaCode="SOTE">-26591.000000</lineItem>
<lineItem coaCode="QTLE">17594.000000</lineItem>
<lineItem coaCode="QTEL">125356.000000</lineItem>
<lineItem coaCode="QTCO">925.791380</lineItem>
<lineItem coaCode="STBP">-24.775560</lineItem>
</Statement>
<Statement Type="CAS">
<FPHeader>
<PeriodLength>12</PeriodLength>
<periodType Code="M">Months</periodType>
<UpdateType Code="UPD">Updated Normal</UpdateType>
<StatementDate>2017-12-31</StatementDate>
<Source Date="2018-01-18">8-K</Source>
</FPHeader>
<lineItem coaCode="ONET">5753.000000</lineItem>
<lineItem coaCode="SDED">4541.000000</lineItem>
<lineItem coaCode="SNCI">6010.000000</lineItem>
<lineItem coaCode="SOCF">419.000000</lineItem>
<lineItem coaCode="OTLO">16723.000000</lineItem>
<lineItem coaCode="SCEX">-3312.000000</lineItem>
<lineItem coaCode="SICF">-3784.000000</lineItem>
<lineItem coaCode="ITLI">-7096.000000</lineItem>
<lineItem coaCode="FCDP">-5506.000000</lineItem>
<lineItem coaCode="FPSS">-4358.000000</lineItem>
<lineItem coaCode="FPRD">3446.000000</lineItem>
<lineItem coaCode="FTLF">-6418.000000</lineItem>
<lineItem coaCode="SFEE">937.000000</lineItem>
<lineItem coaCode="SNCC">4146.000000</lineItem>
</Statement>
</FiscalPeriod>
<FiscalPeriod Type="Annual" EndDate="2016-12-31" FiscalYear="2016">
<Statement Type="INC">
<FPHeader>
<PeriodLength>12</PeriodLength>
<periodType Code="M">Months</periodType>
<UpdateType Code="UPD">Updated Normal</UpdateType>
<AccountingStd></AccountingStd>
<StatementDate>2016-12-31</StatementDate>
<AuditorName Code="PWCL">PricewaterhouseCoopers LLP</AuditorName>
<AuditorOpinion Code="UNQ">Unqualified</AuditorOpinion>
<Source Date="2017-02-28">10-K</Source>
</FPHeader>
<lineItem coaCode="SREV">79919.000000</lineItem>
<lineItem coaCode="RTLR">79919.000000</lineItem>
<lineItem coaCode="SCOR">41624.000000</lineItem>
<lineItem coaCode="SGRP">38295.000000</lineItem>
<lineItem coaCode="SSGA">19640.000000</lineItem>
<lineItem coaCode="ERAD">5751.000000</lineItem>
<lineItem coaCode="SDPR">503.000000</lineItem>
<lineItem coaCode="SINN">577.000000</lineItem>
<lineItem coaCode="SUIE">1038.000000</lineItem>
<lineItem coaCode="SOOE">-1544.000000</lineItem>
<lineItem coaCode="ETOE">67589.000000</lineItem>
<lineItem coaCode="SOPI">12330.000000</lineItem>
<lineItem coaCode="EIBT">12330.000000</lineItem>
<lineItem coaCode="TTAX">449.000000</lineItem>
<lineItem coaCode="TIAT">11881.000000</lineItem>
<lineItem coaCode="NIBX">11881.000000</lineItem>
<lineItem coaCode="STXI">-9.000000</lineItem>
<lineItem coaCode="NINC">11872.000000</lineItem>
<lineItem coaCode="CIAC">11881.000000</lineItem>
<lineItem coaCode="XNIC">11872.000000</lineItem>
<lineItem coaCode="SDNI">11872.000000</lineItem>
<lineItem coaCode="SDWS">958.714100</lineItem>
<lineItem coaCode="SDBF">12.392640</lineItem>
<lineItem coaCode="DDPS1">5.500000</lineItem>
<lineItem coaCode="VDES">12.708690</lineItem>
</Statement>
<Statement Type="BAL">
<FPHeader>
<UpdateType Code="UPD">Updated Normal</UpdateType>
<StatementDate>2016-12-31</StatementDate>
<AuditorName Code="PWCL">PricewaterhouseCoopers LLP</AuditorName>
<AuditorOpinion Code="UNQ">Unqualified</AuditorOpinion>
<Source Date="2017-02-28">10-K</Source>
</FPHeader>
<lineItem coaCode="ACAE">7826.000000</lineItem>
<lineItem coaCode="ASTI">712.000000</lineItem>
<lineItem coaCode="SCSI">8538.000000</lineItem>
<lineItem coaCode="AACR">9182.000000</lineItem>
<lineItem coaCode="ATRC">29245.000000</lineItem>
<lineItem coaCode="AITL">1553.000000</lineItem>
<lineItem coaCode="APPY">4032.000000</lineItem>
<lineItem coaCode="SOCA">520.000000</lineItem>
<lineItem coaCode="ATCA">43888.000000</lineItem>
<lineItem coaCode="APTC">30134.000000</lineItem>
<lineItem coaCode="ADEP">-19303.000000</lineItem>
<lineItem coaCode="APPN">10830.000000</lineItem>
<lineItem coaCode="AGWI">36199.000000</lineItem>
<lineItem coaCode="AINT">4688.000000</lineItem>
<lineItem coaCode="SINV">698.000000</lineItem>
<lineItem coaCode="ALTR">9437.000000</lineItem>
<lineItem coaCode="SOLA">11730.000000</lineItem>
<lineItem coaCode="ATOT">117470.000000</lineItem>
<lineItem coaCode="LAPB">6209.000000</lineItem>
<lineItem coaCode="LAEX">8137.000000</lineItem>
<lineItem coaCode="LSTD">1274.000000</lineItem>
<lineItem coaCode="LCLD">6239.000000</lineItem>
<lineItem coaCode="SOCL">14416.000000</lineItem>
<lineItem coaCode="LTCL">36275.000000</lineItem>
<lineItem coaCode="LLTD">34655.000000</lineItem>
<lineItem coaCode="LTTD">34655.000000</lineItem>
<lineItem coaCode="STLD">42168.000000</lineItem>
<lineItem coaCode="SBDT">424.000000</lineItem>
<lineItem coaCode="LMIN">146.000000</lineItem>
<lineItem coaCode="SLTL">27724.000000</lineItem>
<lineItem coaCode="LTLL">99224.000000</lineItem>
<lineItem coaCode="SCMS">53935.000000</lineItem>
<lineItem coaCode="QRED">152759.000000</lineItem>
<lineItem coaCode="QTSC">-159050.000000</lineItem>
<lineItem coaCode="QUGL">2.000000</lineItem>
<lineItem coaCode="SOTE">-29400.000000</lineItem>
<lineItem coaCode="QTLE">18246.000000</lineItem>
<lineItem coaCode="QTEL">117470.000000</lineItem>
<lineItem coaCode="QTCO">945.867400</lineItem>
<lineItem coaCode="STBP">-23.936760</lineItem>
</Statement>
<Statement Type="CAS">
<FPHeader>
<PeriodLength>12</PeriodLength>
<periodType Code="M">Months</periodType>
<UpdateType Code="UPD">Updated Normal</UpdateType>
<StatementDate>2016-12-31</StatementDate>
<AuditorName Code="PWCL">PricewaterhouseCoopers LLP</AuditorName>
<AuditorOpinion Code="UNQ">Unqualified</AuditorOpinion>
<Source Date="2017-02-28">10-K</Source>
</FPHeader>
<lineItem coaCode="ONET">11872.000000</lineItem>
<lineItem coaCode="SDED">2837.000000</lineItem>
<lineItem coaCode="SAMT">1544.000000</lineItem>
<lineItem coaCode="OBDT">-1132.000000</lineItem>
<lineItem coaCode="SNCI">606.000000</lineItem>
<lineItem coaCode="SCTP">1078.000000</lineItem>
<lineItem coaCode="SCIP">1158.000000</lineItem>
<lineItem coaCode="SOCF">1231.000000</lineItem>
<lineItem coaCode="OTLO">16958.000000</lineItem>
<lineItem coaCode="SCEX">-4150.000000</lineItem>
<lineItem coaCode="SICF">-6826.000000</lineItem>
<lineItem coaCode="ITLI">-10976.000000</lineItem>
<lineItem coaCode="FCDP">-5256.000000</lineItem>
<lineItem coaCode="FPSS">-3298.000000</lineItem>
<lineItem coaCode="FPRD">2763.000000</lineItem>
<lineItem coaCode="FTLF">-5791.000000</lineItem>
<lineItem coaCode="SFEE">-51.000000</lineItem>
<lineItem coaCode="SNCC">140.000000</lineItem>
</Statement>
</FiscalPeriod>
<FiscalPeriod Type="Annual" EndDate="2015-12-31" FiscalYear="2015">
<Statement Type="INC">
<FPHeader>
<PeriodLength>12</PeriodLength>
<periodType Code="M">Months</periodType>
<UpdateType Code="UPD">Updated Normal</UpdateType>
<AccountingStd></AccountingStd>
<StatementDate>2015-12-31</StatementDate>
<AuditorName Code="PWCL">PricewaterhouseCoopers LLP</AuditorName>
<AuditorOpinion Code="UNQ">Unqualified</AuditorOpinion>
<Source Date="2016-02-23">10-K</Source>
</FPHeader>
<lineItem coaCode="SREV">81741.000000</lineItem>
<lineItem coaCode="RTLR">81741.000000</lineItem>
<lineItem coaCode="SCOR">41057.000000</lineItem>
<lineItem coaCode="SGRP">40684.000000</lineItem>
<lineItem coaCode="SSGA">19512.000000</lineItem>
<lineItem coaCode="ERAD">5247.000000</lineItem>
<lineItem coaCode="SDPR">304.000000</lineItem>
<lineItem coaCode="SINN">31.000000</lineItem>
<lineItem coaCode="SUIE">587.000000</lineItem>
<lineItem coaCode="SOOE">-941.000000</lineItem>
<lineItem coaCode="ETOE">65797.000000</lineItem>
<lineItem coaCode="SOPI">15944.000000</lineItem>
<lineItem coaCode="SONT">1.000000</lineItem>
<lineItem coaCode="EIBT">15945.000000</lineItem>
<lineItem coaCode="TTAX">2581.000000</lineItem>
<lineItem coaCode="TIAT">13364.000000</lineItem>
<lineItem coaCode="NIBX">13364.000000</lineItem>
<lineItem coaCode="STXI">-174.000000</lineItem>
<lineItem coaCode="NINC">13190.000000</lineItem>
<lineItem coaCode="CIAC">13364.000000</lineItem>
<lineItem coaCode="XNIC">13190.000000</lineItem>
<lineItem coaCode="SDNI">13190.000000</lineItem>
<lineItem coaCode="SDWS">982.700270</lineItem>
<lineItem coaCode="SDBF">13.599260</lineItem>
<lineItem coaCode="DDPS1">5.000000</lineItem>
<lineItem coaCode="VDES">13.624700</lineItem>
</Statement>
<Statement Type="BAL">
<FPHeader>
<UpdateType Code="UPD">Updated Normal</UpdateType>
<StatementDate>2015-12-31</StatementDate>
<AuditorName Code="PWCL">PricewaterhouseCoopers LLP</AuditorName>
<AuditorOpinion Code="UNQ">Unqualified</AuditorOpinion>
<Source Date="2016-02-23">10-K</Source>
</FPHeader>
<lineItem coaCode="ACAE">7686.000000</lineItem>
<lineItem coaCode="ASTI">514.000000</lineItem>
<lineItem coaCode="SCSI">8200.000000</lineItem>
<lineItem coaCode="AACR">8333.000000</lineItem>
<lineItem coaCode="ATRC">28554.000000</lineItem>
<lineItem coaCode="AITL">1551.000000</lineItem>
<lineItem coaCode="APPY">3912.000000</lineItem>
<lineItem coaCode="SOCA">287.000000</lineItem>
<lineItem coaCode="ATCA">42504.000000</lineItem>
<lineItem coaCode="APTC">29341.000000</lineItem>
<lineItem coaCode="ADEP">-18616.000000</lineItem>
<lineItem coaCode="APPN">10727.000000</lineItem>
<lineItem coaCode="AGWI">32021.000000</lineItem>
<lineItem coaCode="AINT">3487.000000</lineItem>
<lineItem coaCode="SINV">475.000000</lineItem>
<lineItem coaCode="ALTR">10529.000000</lineItem>
<lineItem coaCode="SOLA">10752.000000</lineItem>
<lineItem coaCode="ATOT">110495.000000</lineItem>
<lineItem coaCode="LAPB">6028.000000</lineItem>
<lineItem coaCode="LAEX">7913.000000</lineItem>
<lineItem coaCode="LSTD">1190.000000</lineItem>
<lineItem coaCode="LCLD">5271.000000</lineItem>
<lineItem coaCode="SOCL">13867.000000</lineItem>
<lineItem coaCode="LTCL">34269.000000</lineItem>
<lineItem coaCode="LLTD">33428.000000</lineItem>
<lineItem coaCode="LTTD">33428.000000</lineItem>
<lineItem coaCode="STLD">39889.000000</lineItem>
<lineItem coaCode="SBDT">253.000000</lineItem>
<lineItem coaCode="LMIN">162.000000</lineItem>
<lineItem coaCode="SLTL">28121.000000</lineItem>
<lineItem coaCode="LTLL">96233.000000</lineItem>
<lineItem coaCode="SCMS">53262.000000</lineItem>
<lineItem coaCode="QRED">146124.000000</lineItem>
<lineItem coaCode="QTSC">-155518.000000</lineItem>
<lineItem coaCode="QUGL">5.000000</lineItem>
<lineItem coaCode="SOTE">-29611.000000</lineItem>
<lineItem coaCode="QTLE">14262.000000</lineItem>
<lineItem coaCode="QTEL">110495.000000</lineItem>
<lineItem coaCode="QTCO">965.728730</lineItem>
<lineItem coaCode="STBP">-21.999970</lineItem>
</Statement>
<Statement Type="CAS">
<FPHeader>
<PeriodLength>12</PeriodLength>
<periodType Code="M">Months</periodType>
<UpdateType Code="UPD">Updated Normal</UpdateType>
<StatementDate>2015-12-31</StatementDate>
<AuditorName Code="PWCL">PricewaterhouseCoopers LLP</AuditorName>
<AuditorOpinion Code="UNQ">Unqualified</AuditorOpinion>
<Source Date="2016-02-23">10-K</Source>
</FPHeader>
<lineItem coaCode="ONET">13190.000000</lineItem>
<lineItem coaCode="SDED">2662.000000</lineItem>
<lineItem coaCode="SAMT">1193.000000</lineItem>
<lineItem coaCode="OBDT">1387.000000</lineItem>
<lineItem coaCode="SNCI">1020.000000</lineItem>
<lineItem coaCode="SCTP">2657.000000</lineItem>
<lineItem coaCode="SCIP">995.000000</lineItem>
<lineItem coaCode="SOCF">-2444.000000</lineItem>
<lineItem coaCode="OTLO">17008.000000</lineItem>
<lineItem coaCode="SCEX">-4151.000000</lineItem>
<lineItem coaCode="SICF">-4008.000000</lineItem>
<lineItem coaCode="ITLI">-8159.000000</lineItem>
<lineItem coaCode="SFCF">-1.000000</lineItem>
<lineItem coaCode="FCDP">-4897.000000</lineItem>
<lineItem coaCode="FPSS">-4287.000000</lineItem>
<lineItem coaCode="FPRD">19.000000</lineItem>
<lineItem coaCode="FTLF">-9166.000000</lineItem>
<lineItem coaCode="SFEE">-473.000000</lineItem>
<lineItem coaCode="SNCC">-790.000000</lineItem>
</Statement>
</FiscalPeriod>
<FiscalPeriod Type="Annual" EndDate="2014-12-31" FiscalYear="2014">
<Statement Type="INC">
<FPHeader>
<PeriodLength>12</PeriodLength>
<periodType Code="M">Months</periodType>
<UpdateType Code="UPD">Updated Normal</UpdateType>
<AccountingStd></AccountingStd>
<StatementDate>2014-12-31</StatementDate>
<AuditorName Code="PWCL">PricewaterhouseCoopers LLP</AuditorName>
<AuditorOpinion Code="UNQ">Unqualified</AuditorOpinion>
<Source Date="2015-02-24">10-K</Source>
</FPHeader>
<lineItem coaCode="SREV">92793.000000</lineItem>
<lineItem coaCode="RTLR">92793.000000</lineItem>
<lineItem coaCode="SCOR">46386.000000</lineItem>
<lineItem coaCode="SGRP">46407.000000</lineItem>
<lineItem coaCode="SSGA">21385.000000</lineItem>
<lineItem coaCode="ERAD">5437.000000</lineItem>
<lineItem coaCode="SDPR">374.000000</lineItem>
<lineItem coaCode="SINN">372.000000</lineItem>
<lineItem coaCode="SUIE">1472.000000</lineItem>
<lineItem coaCode="SOOE">-2619.000000</lineItem>
<lineItem coaCode="ETOE">72807.000000</lineItem>
<lineItem coaCode="SOPI">19986.000000</lineItem>
<lineItem coaCode="EIBT">19986.000000</lineItem>
<lineItem coaCode="TTAX">4234.000000</lineItem>
<lineItem coaCode="TIAT">15752.000000</lineItem>
<lineItem coaCode="NIBX">15752.000000</lineItem>
<lineItem coaCode="STXI">-3729.000000</lineItem>
<lineItem coaCode="NINC">12023.000000</lineItem>
<lineItem coaCode="SANI">-1.000000</lineItem>
<lineItem coaCode="CIAC">15751.000000</lineItem>
<lineItem coaCode="XNIC">12022.000000</lineItem>
<lineItem coaCode="SDNI">12022.000000</lineItem>
<lineItem coaCode="SDWS">1010.000480</lineItem>
<lineItem coaCode="SDBF">15.595040</lineItem>
<lineItem coaCode="DDPS1">4.250000</lineItem>
<lineItem coaCode="VDES">16.848510</lineItem>
</Statement>
<Statement Type="BAL">
<FPHeader>
<UpdateType Code="RES">Restated Normal</UpdateType>
<StatementDate>2015-12-31</StatementDate>
<AuditorName Code="PWCL">PricewaterhouseCoopers LLP</AuditorName>
<AuditorOpinion Code="UNQ">Unqualified</AuditorOpinion>
<Source Date="2016-02-23">10-K</Source>
</FPHeader>
<lineItem coaCode="ACAE">8476.000000</lineItem>
<lineItem coaCode="ASTI">24.000000</lineItem>
<lineItem coaCode="SCSI">8500.000000</lineItem>
<lineItem coaCode="AACR">9090.000000</lineItem>
<lineItem coaCode="ATRC">31831.000000</lineItem>
<lineItem coaCode="AITL">2103.000000</lineItem>
<lineItem coaCode="APPY">4216.000000</lineItem>
<lineItem coaCode="SOCA">727.000000</lineItem>
<lineItem coaCode="ATCA">47377.000000</lineItem>
<lineItem coaCode="APTC">78069.000000</lineItem>
<lineItem coaCode="ADEP">-28263.000000</lineItem>
<lineItem coaCode="APPN">10771.000000</lineItem>
<lineItem coaCode="AGWI">30556.000000</lineItem>
<lineItem coaCode="AINT">3104.000000</lineItem>
<lineItem coaCode="SINV">594.000000</lineItem>
<lineItem coaCode="ALTR">11618.000000</lineItem>
<lineItem coaCode="SOLA">13251.000000</lineItem>
<lineItem coaCode="ATOT">117271.000000</lineItem>
<lineItem coaCode="LAPB">6864.000000</lineItem>
<lineItem coaCode="LAEX">10025.000000</lineItem>
<lineItem coaCode="LSTD">1130.000000</lineItem>
<lineItem coaCode="LCLD">4601.000000</lineItem>
<lineItem coaCode="SOCL">16961.000000</lineItem>
<lineItem coaCode="LTCL">39581.000000</lineItem>
<lineItem coaCode="LLTD">34991.000000</lineItem>
<lineItem coaCode="LTTD">34991.000000</lineItem>
<lineItem coaCode="STLD">40722.000000</lineItem>
<lineItem coaCode="SBDT">129.000000</lineItem>
<lineItem coaCode="LMIN">146.000000</lineItem>
<lineItem coaCode="SLTL">30556.000000</lineItem>
<lineItem coaCode="LTLL">105403.000000</lineItem>
<lineItem coaCode="SCMS">52666.000000</lineItem>
<lineItem coaCode="QRED">137793.000000</lineItem>
<lineItem coaCode="QTSC">-150715.000000</lineItem>
<lineItem coaCode="QUGL">-15.000000</lineItem>
<lineItem coaCode="SOTE">-27861.000000</lineItem>
<lineItem coaCode="QTLE">11868.000000</lineItem>
<lineItem coaCode="QTEL">117271.000000</lineItem>
<lineItem coaCode="QTCO">990.523760</lineItem>
<lineItem coaCode="STBP">-22.000480</lineItem>
</Statement>
<Statement Type="CAS">
<FPHeader>
<PeriodLength>12</PeriodLength>
<periodType Code="M">Months</periodType>
<UpdateType Code="UPD">Updated Normal</UpdateType>
<StatementDate>2014-12-31</StatementDate>
<AuditorName Code="PWCL">PricewaterhouseCoopers LLP</AuditorName>
<AuditorOpinion Code="UNQ">Unqualified</AuditorOpinion>
<Source Date="2015-02-24">10-K</Source>
</FPHeader>
<lineItem coaCode="ONET">12022.000000</lineItem>
<lineItem coaCode="SDED">3145.000000</lineItem>
<lineItem coaCode="SAMT">1347.000000</lineItem>
<lineItem coaCode="OBDT">-237.000000</lineItem>
<lineItem coaCode="SNCI">2358.000000</lineItem>
<lineItem coaCode="SCTP">5748.000000</lineItem>
<lineItem coaCode="SCIP">1061.000000</lineItem>
<lineItem coaCode="SOCF">-1767.000000</lineItem>
<lineItem coaCode="OTLO">16868.000000</lineItem>
<lineItem coaCode="SCEX">-4183.000000</lineItem>
<lineItem coaCode="SICF">1182.000000</lineItem>
<lineItem coaCode="ITLI">-3001.000000</lineItem>
<lineItem coaCode="FCDP">-4265.000000</lineItem>
<lineItem coaCode="FPSS">-12970.000000</lineItem>
<lineItem coaCode="FPRD">1783.000000</lineItem>
<lineItem coaCode="FTLF">-15452.000000</lineItem>
<lineItem coaCode="SFEE">-655.000000</lineItem>
<lineItem coaCode="SNCC">-2240.000000</lineItem>
</Statement>
</FiscalPeriod>
<FiscalPeriod Type="Annual" EndDate="2013-12-31" FiscalYear="2013">
<Statement Type="INC">
<FPHeader>
<PeriodLength>12</PeriodLength>
<periodType Code="M">Months</periodType>
<UpdateType Code="RES">Restated Normal</UpdateType>
<AccountingStd></AccountingStd>
<StatementDate>2014-12-31</StatementDate>
<AuditorName Code="PWCL">PricewaterhouseCoopers LLP</AuditorName>
<AuditorOpinion Code="UNQ">Unqualified</AuditorOpinion>
<Source Date="2015-02-24">10-K</Source>
</FPHeader>
<lineItem coaCode="SREV">98367.000000</lineItem>
<lineItem coaCode="RTLR">98367.000000</lineItem>
<lineItem coaCode="SCOR">49683.000000</lineItem>
<lineItem coaCode="SGRP">48684.000000</lineItem>
<lineItem coaCode="SSGA">22214.000000</lineItem>
<lineItem coaCode="ERAD">5743.000000</lineItem>
<lineItem coaCode="SDPR">370.000000</lineItem>
<lineItem coaCode="SINN">41.000000</lineItem>
<lineItem coaCode="SUIE">1031.000000</lineItem>
<lineItem coaCode="SOOE">-959.000000</lineItem>
<lineItem coaCode="ETOE">78123.000000</lineItem>
<lineItem coaCode="SOPI">20244.000000</lineItem>
<lineItem coaCode="EIBT">20244.000000</lineItem>
<lineItem coaCode="TTAX">3363.000000</lineItem>
<lineItem coaCode="TIAT">16881.000000</lineItem>
<lineItem coaCode="NIBX">16881.000000</lineItem>
<lineItem coaCode="STXI">-398.000000</lineItem>
<lineItem coaCode="NINC">16483.000000</lineItem>
<lineItem coaCode="CIAC">16881.000000</lineItem>
<lineItem coaCode="XNIC">16483.000000</lineItem>
<lineItem coaCode="SDNI">16483.000000</lineItem>
<lineItem coaCode="SDWS">1103.042160</lineItem>
<lineItem coaCode="SDBF">15.304040</lineItem>
<lineItem coaCode="DDPS1">3.700000</lineItem>
<lineItem coaCode="VDES">15.995760</lineItem>
</Statement>
<Statement Type="BAL">
<FPHeader>
<UpdateType Code="UPD">Updated Normal</UpdateType>
<StatementDate>2013-12-31</StatementDate>
<AuditorName Code="PWCL">PricewaterhouseCoopers LLP</AuditorName>
<AuditorOpinion Code="UNQ">Unqualified</AuditorOpinion>
<Source Date="2014-02-25">10-K</Source>
</FPHeader>
<lineItem coaCode="ACAE">10716.000000</lineItem>
<lineItem coaCode="ASTI">386.000000</lineItem>
<lineItem coaCode="SCSI">11102.000000</lineItem>
<lineItem coaCode="AACR">10465.000000</lineItem>
<lineItem coaCode="ATRC">31836.000000</lineItem>
<lineItem coaCode="AITL">2310.000000</lineItem>
<lineItem coaCode="APPY">4171.000000</lineItem>
<lineItem coaCode="SOCA">1931.000000</lineItem>
<lineItem coaCode="ATCA">51350.000000</lineItem>
<lineItem coaCode="APTC">40475.000000</lineItem>
<lineItem coaCode="ADEP">-26654.000000</lineItem>
<lineItem coaCode="APPN">13821.000000</lineItem>
<lineItem coaCode="AGWI">31184.000000</lineItem>
<lineItem coaCode="AINT">3871.000000</lineItem>
<lineItem coaCode="SINV">310.000000</lineItem>
<lineItem coaCode="ALTR">12929.000000</lineItem>
<lineItem coaCode="SOLA">12758.000000</lineItem>
<lineItem coaCode="ATOT">126223.000000</lineItem>
<lineItem coaCode="LAPB">7461.000000</lineItem>
<lineItem coaCode="LAEX">8641.000000</lineItem>
<lineItem coaCode="LSTD">3008.000000</lineItem>
<lineItem coaCode="LCLD">3854.000000</lineItem>
<lineItem coaCode="SOCL">17190.000000</lineItem>
<lineItem coaCode="LTCL">40154.000000</lineItem>
<lineItem coaCode="LLTD">32856.000000</lineItem>
<lineItem coaCode="LTTD">32856.000000</lineItem>
<lineItem coaCode="STLD">39718.000000</lineItem>
<lineItem coaCode="SBDT">1741.000000</lineItem>
<lineItem coaCode="LMIN">137.000000</lineItem>
<lineItem coaCode="SLTL">28543.000000</lineItem>
<lineItem coaCode="LTLL">103431.000000</lineItem>
<lineItem coaCode="SCMS">51594.000000</lineItem>
<lineItem coaCode="QRED">130042.000000</lineItem>
<lineItem coaCode="QTSC">-137242.000000</lineItem>
<lineItem coaCode="QUGL">-1.000000</lineItem>
<lineItem coaCode="SOTE">-21601.000000</lineItem>
<lineItem coaCode="QTLE">22792.000000</lineItem>
<lineItem coaCode="QTEL">126223.000000</lineItem>
<lineItem coaCode="QTCO">1054.390940</lineItem>
<lineItem coaCode="STBP">-11.630410</lineItem>
</Statement>
<Statement Type="CAS">
<FPHeader>
<PeriodLength>12</PeriodLength>
<periodType Code="M">Months</periodType>
<UpdateType Code="UPD">Updated Normal</UpdateType>
<StatementDate>2013-12-31</StatementDate>
<AuditorName Code="PWCL">PricewaterhouseCoopers LLP</AuditorName>
<AuditorOpinion Code="UNQ">Unqualified</AuditorOpinion>
<Source Date="2014-02-25">10-K</Source>
</FPHeader>
<lineItem coaCode="ONET">16483.000000</lineItem>
<lineItem coaCode="SDED">3327.000000</lineItem>
<lineItem coaCode="SAMT">1351.000000</lineItem>
<lineItem coaCode="OBDT">-1610.000000</lineItem>
<lineItem coaCode="SNCI">378.000000</lineItem>
<lineItem coaCode="SCTP">4024.000000</lineItem>
<lineItem coaCode="SCIP">982.000000</lineItem>
<lineItem coaCode="SOCF">-2444.000000</lineItem>
<lineItem coaCode="OTLO">17485.000000</lineItem>
<lineItem coaCode="SCEX">-4140.000000</lineItem>
<lineItem coaCode="SICF">-3186.000000</lineItem>
<lineItem coaCode="ITLI">-7326.000000</lineItem>
<lineItem coaCode="SFCF">-1.000000</lineItem>
<lineItem coaCode="FCDP">-4058.000000</lineItem>
<lineItem coaCode="FPSS">-12785.000000</lineItem>
<lineItem coaCode="FPRD">6961.000000</lineItem>
<lineItem coaCode="FTLF">-9883.000000</lineItem>
<lineItem coaCode="SFEE">28.000000</lineItem>
<lineItem coaCode="SNCC">304.000000</lineItem>
</Statement>
</FiscalPeriod>
<FiscalPeriod Type="Annual" EndDate="2012-12-31" FiscalYear="2012">
<Statement Type="INC">
<FPHeader>
<PeriodLength>12</PeriodLength>
<periodType Code="M">Months</periodType>
<UpdateType Code="RES">Restated Normal</UpdateType>
<AccountingStd></AccountingStd>
<StatementDate>2014-12-31</StatementDate>
<AuditorName Code="PWCL">PricewaterhouseCoopers LLP</AuditorName>
<AuditorOpinion Code="UNQ">Unqualified</AuditorOpinion>
<Source Date="2015-02-24">10-K</Source>
</FPHeader>
<lineItem coaCode="SREV">102874.000000</lineItem>
<lineItem coaCode="RTLR">102874.000000</lineItem>
<lineItem coaCode="SCOR">52513.000000</lineItem>
<lineItem coaCode="SGRP">50361.000000</lineItem>
<lineItem coaCode="SSGA">23463.000000</lineItem>
<lineItem coaCode="ERAD">5816.000000</lineItem>
<lineItem coaCode="SINN">459.000000</lineItem>
<lineItem coaCode="SOOE">-1917.000000</lineItem>
<lineItem coaCode="ETOE">80334.000000</lineItem>
<lineItem coaCode="SOPI">22540.000000</lineItem>
<lineItem coaCode="EIBT">22540.000000</lineItem>
<lineItem coaCode="TTAX">5541.000000</lineItem>
<lineItem coaCode="TIAT">16999.000000</lineItem>
<lineItem coaCode="NIBX">16999.000000</lineItem>
<lineItem coaCode="STXI">-395.000000</lineItem>
<lineItem coaCode="NINC">16604.000000</lineItem>
<lineItem coaCode="CIAC">16999.000000</lineItem>
<lineItem coaCode="XNIC">16604.000000</lineItem>
<lineItem coaCode="SDNI">16604.000000</lineItem>
<lineItem coaCode="SDWS">1155.449320</lineItem>
<lineItem coaCode="SDBF">14.712030</lineItem>
<lineItem coaCode="DDPS1">3.300000</lineItem>
<lineItem coaCode="VDES">14.712030</lineItem>
</Statement>
<Statement Type="BAL">
<FPHeader>
<UpdateType Code="UPD">Updated Normal</UpdateType>
<StatementDate>2012-12-31</StatementDate>
<AuditorName Code="PWCL">PricewaterhouseCoopers LLP</AuditorName>
<AuditorOpinion Code="UNQ">Unqualified</AuditorOpinion>
<Source Date="2013-02-26">10-K</Source>
</FPHeader>
<lineItem coaCode="ACAE">10412.000000</lineItem>
<lineItem coaCode="ASTI">726.000000</lineItem>
<lineItem coaCode="SCSI">11138.000000</lineItem>
<lineItem coaCode="AACR">10667.000000</lineItem>
<lineItem coaCode="ATRC">30578.000000</lineItem>
<lineItem coaCode="AITL">2287.000000</lineItem>
<lineItem coaCode="APPY">4015.000000</lineItem>
<lineItem coaCode="SOCA">1415.000000</lineItem>
<lineItem coaCode="ATCA">49433.000000</lineItem>
<lineItem coaCode="APTC">40502.000000</lineItem>
<lineItem coaCode="ADEP">-26505.000000</lineItem>
<lineItem coaCode="APPN">13996.000000</lineItem>
<lineItem coaCode="AGWI">29247.000000</lineItem>
<lineItem coaCode="AINT">3787.000000</lineItem>
<lineItem coaCode="SINV">1687.000000</lineItem>
<lineItem coaCode="ALTR">13016.000000</lineItem>
<lineItem coaCode="SOLA">8047.000000</lineItem>
<lineItem coaCode="ATOT">119213.000000</lineItem>
<lineItem coaCode="LAPB">7952.000000</lineItem>
<lineItem coaCode="LAEX">9592.000000</lineItem>
<lineItem coaCode="LSTD">3589.000000</lineItem>
<lineItem coaCode="LCLD">5592.000000</lineItem>
<lineItem coaCode="SOCL">16900.000000</lineItem>
<lineItem coaCode="LTCL">43625.000000</lineItem>
<lineItem coaCode="LLTD">24088.000000</lineItem>
<lineItem coaCode="LTTD">24088.000000</lineItem>
<lineItem coaCode="STLD">33269.000000</lineItem>
<lineItem coaCode="SBDT">448.000000</lineItem>
<lineItem coaCode="LMIN">124.000000</lineItem>
<lineItem coaCode="SLTL">32068.000000</lineItem>
<lineItem coaCode="LTLL">100353.000000</lineItem>
<lineItem coaCode="SCMS">50110.000000</lineItem>
<lineItem coaCode="QRED">117641.000000</lineItem>
<lineItem coaCode="QTSC">-123131.000000</lineItem>
<lineItem coaCode="QUGL">4.000000</lineItem>
<lineItem coaCode="SOTE">-25764.000000</lineItem>
<lineItem coaCode="QTLE">18860.000000</lineItem>
<lineItem coaCode="QTEL">119213.000000</lineItem>
<lineItem coaCode="QTCO">1117.367680</lineItem>
<lineItem coaCode="STBP">-12.685170</lineItem>
</Statement>
<Statement Type="CAS">
<FPHeader>
<PeriodLength>12</PeriodLength>
<periodType Code="M">Months</periodType>
<UpdateType Code="UPD">Updated Normal</UpdateType>
<StatementDate>2012-12-31</StatementDate>
<AuditorName Code="PWCL">PricewaterhouseCoopers LLP</AuditorName>
<AuditorOpinion Code="UNQ">Unqualified</AuditorOpinion>
<Source Date="2013-02-26">10-K</Source>
</FPHeader>
<lineItem coaCode="ONET">16604.000000</lineItem>
<lineItem coaCode="SDED">3392.000000</lineItem>
<lineItem coaCode="SAMT">1284.000000</lineItem>
<lineItem coaCode="OBDT">797.000000</lineItem>
<lineItem coaCode="SNCI">-41.000000</lineItem>
<lineItem coaCode="SCTP">3169.000000</lineItem>
<lineItem coaCode="SCIP">1009.000000</lineItem>
<lineItem coaCode="SOCF">-2451.000000</lineItem>
<lineItem coaCode="OTLO">19585.000000</lineItem>
<lineItem coaCode="SCEX">-4717.000000</lineItem>
<lineItem coaCode="SICF">-4287.000000</lineItem>
<lineItem coaCode="ITLI">-9004.000000</lineItem>
<lineItem coaCode="FCDP">-3773.000000</lineItem>
<lineItem coaCode="FPSS">-10455.000000</lineItem>
<lineItem coaCode="FPRD">2252.000000</lineItem>
<lineItem coaCode="FTLF">-11976.000000</lineItem>
<lineItem coaCode="SFEE">-116.000000</lineItem>
<lineItem coaCode="SNCC">-1511.000000</lineItem>
</Statement>
</FiscalPeriod>
</AnnualPeriods>
<InterimPeriods>
<FiscalPeriod Type="Interim" EndDate="2017-12-31" FiscalYear="2017" FiscalPeriodNumber="4">
<Statement Type="INC">
<FPHeader>
<PeriodLength>3</PeriodLength>
<periodType Code="M">Months</periodType>
<UpdateType Code="UPD">Updated Normal</UpdateType>
<AccountingStd></AccountingStd>
<StatementDate>2017-12-31</StatementDate>
<Source Date="2018-01-18">8-K</Source>
</FPHeader>
<lineItem coaCode="SREV">22543.000000</lineItem>
<lineItem coaCode="RTLR">22543.000000</lineItem>
<lineItem coaCode="SCOR">11681.000000</lineItem>
<lineItem coaCode="SGRP">10862.000000</lineItem>
<lineItem coaCode="SSGA">5147.000000</lineItem>
<lineItem coaCode="ERAD">1427.000000</lineItem>
<lineItem coaCode="SINN">164.000000</lineItem>
<lineItem coaCode="SOOE">-345.000000</lineItem>
<lineItem coaCode="ETOE">18074.000000</lineItem>
<lineItem coaCode="SOPI">4469.000000</lineItem>
<lineItem coaCode="EIBT">4469.000000</lineItem>
<lineItem coaCode="TTAX">5522.000000</lineItem>
<lineItem coaCode="TIAT">-1053.000000</lineItem>
<lineItem coaCode="NIBX">-1053.000000</lineItem>
<lineItem coaCode="STXI">-1.000000</lineItem>
<lineItem coaCode="NINC">-1054.000000</lineItem>
<lineItem coaCode="CIAC">-1053.000000</lineItem>
<lineItem coaCode="XNIC">-1054.000000</lineItem>
<lineItem coaCode="SDNI">-1054.000000</lineItem>
<lineItem coaCode="SDWS">924.500000</lineItem>
<lineItem coaCode="SDBF">-1.138990</lineItem>
<lineItem coaCode="DDPS1">1.500000</lineItem>
<lineItem coaCode="VDES">-1.333690</lineItem>
</Statement>
<Statement Type="BAL">
<FPHeader>
<UpdateType Code="UPD">Updated Normal</UpdateType>
<StatementDate>2017-12-31</StatementDate>
<Source Date="2018-01-18">8-K</Source>
</FPHeader>
<lineItem coaCode="ACAE">11972.000000</lineItem>
<lineItem coaCode="ASTI">608.000000</lineItem>
<lineItem coaCode="SCSI">12580.000000</lineItem>
<lineItem coaCode="AACR">8928.000000</lineItem>
<lineItem coaCode="ATRC">31630.000000</lineItem>
<lineItem coaCode="AITL">1583.000000</lineItem>
<lineItem coaCode="APPY">3942.000000</lineItem>
<lineItem coaCode="ATCA">49735.000000</lineItem>
<lineItem coaCode="APPN">11116.000000</lineItem>
<lineItem coaCode="AINT">40531.000000</lineItem>
<lineItem coaCode="SINV">4919.000000</lineItem>
<lineItem coaCode="ALTR">9550.000000</lineItem>
<lineItem coaCode="SOLA">9505.000000</lineItem>
<lineItem coaCode="ATOT">125356.000000</lineItem>
<lineItem coaCode="LAPB">6451.000000</lineItem>
<lineItem coaCode="LCLD">6987.000000</lineItem>
<lineItem coaCode="SOCL">23925.000000</lineItem>
<lineItem coaCode="LTCL">37363.000000</lineItem>
<lineItem coaCode="LLTD">39837.000000</lineItem>
<lineItem coaCode="LTTD">39837.000000</lineItem>
<lineItem coaCode="STLD">46824.000000</lineItem>
<lineItem coaCode="LMIN">131.000000</lineItem>
<lineItem coaCode="SLTL">30431.000000</lineItem>
<lineItem coaCode="LTLL">107762.000000</lineItem>
<lineItem coaCode="SCMS">54566.000000</lineItem>
<lineItem coaCode="QRED">153126.000000</lineItem>
<lineItem coaCode="QTSC">-163507.000000</lineItem>
<lineItem coaCode="SOTE">-26591.000000</lineItem>
<lineItem coaCode="QTLE">17594.000000</lineItem>
<lineItem coaCode="QTEL">125356.000000</lineItem>
<lineItem coaCode="QTCO">925.791380</lineItem>
<lineItem coaCode="STBP">-24.775560</lineItem>
</Statement>
<Statement Type="CAS">
<FPHeader>
<PeriodLength>12</PeriodLength>
<periodType Code="M">Months</periodType>
<UpdateType Code="UPD">Updated Normal</UpdateType>
<StatementDate>2017-12-31</StatementDate>
<Source Date="2018-01-18">8-K</Source>
</FPHeader>
<lineItem coaCode="ONET">5753.000000</lineItem>
<lineItem coaCode="SDED">4541.000000</lineItem>
<lineItem coaCode="SNCI">6010.000000</lineItem>
<lineItem coaCode="SOCF">419.000000</lineItem>
<lineItem coaCode="OTLO">16723.000000</lineItem>
<lineItem coaCode="SCEX">-3312.000000</lineItem>
<lineItem coaCode="SICF">-3784.000000</lineItem>
<lineItem coaCode="ITLI">-7096.000000</lineItem>
<lineItem coaCode="FCDP">-5506.000000</lineItem>
<lineItem coaCode="FPSS">-4358.000000</lineItem>
<lineItem coaCode="FPRD">3446.000000</lineItem>
<lineItem coaCode="FTLF">-6418.000000</lineItem>
<lineItem coaCode="SFEE">937.000000</lineItem>
<lineItem coaCode="SNCC">4146.000000</lineItem>
</Statement>
</FiscalPeriod>
<FiscalPeriod Type="Interim" EndDate="2017-09-30" FiscalYear="2017" FiscalPeriodNumber="3">
<Statement Type="INC">
<FPHeader>
<PeriodLength>3</PeriodLength>
<periodType Code="M">Months</periodType>
<UpdateType Code="UPD">Updated Normal</UpdateType>
<AccountingStd></AccountingStd>
<StatementDate>2017-09-30</StatementDate>
<Source Date="2017-10-31">10-Q</Source>
</FPHeader>
<lineItem coaCode="SREV">19153.000000</lineItem>
<lineItem coaCode="RTLR">19153.000000</lineItem>
<lineItem coaCode="SCOR">10353.000000</lineItem>
<lineItem coaCode="SGRP">8800.000000</lineItem>
<lineItem coaCode="SSGA">4537.000000</lineItem>
<lineItem coaCode="ERAD">1342.000000</lineItem>
<lineItem coaCode="SDPR">125.000000</lineItem>
<lineItem coaCode="SINN">101.000000</lineItem>
<lineItem coaCode="SUIE">17.000000</lineItem>
<lineItem coaCode="SOOE">-387.000000</lineItem>
<lineItem coaCode="ETOE">16088.000000</lineItem>
<lineItem coaCode="SOPI">3065.000000</lineItem>
<lineItem coaCode="EIBT">3065.000000</lineItem>
<lineItem coaCode="TTAX">339.000000</lineItem>
<lineItem coaCode="TIAT">2726.000000</lineItem>
<lineItem coaCode="NIBX">2726.000000</lineItem>
<lineItem coaCode="STXI">0.000000</lineItem>
<lineItem coaCode="NINC">2726.000000</lineItem>
<lineItem coaCode="CIAC">2726.000000</lineItem>
<lineItem coaCode="XNIC">2726.000000</lineItem>
<lineItem coaCode="SDNI">2726.000000</lineItem>
<lineItem coaCode="SDWS">933.227430</lineItem>
<lineItem coaCode="SDBF">2.921050</lineItem>
<lineItem coaCode="DDPS1">1.500000</lineItem>
<lineItem coaCode="VDES">2.768890</lineItem>
</Statement>
<Statement Type="BAL">
<FPHeader>
<UpdateType Code="UPD">Updated Normal</UpdateType>
<StatementDate>2017-09-30</StatementDate>
<Source Date="2017-10-31">10-Q</Source>
</FPHeader>
<lineItem coaCode="ACAE">10915.000000</lineItem>
<lineItem coaCode="ASTI">623.000000</lineItem>
<lineItem coaCode="SCSI">11538.000000</lineItem>
<lineItem coaCode="AACR">8150.000000</lineItem>
<lineItem coaCode="ATRC">27126.000000</lineItem>
<lineItem coaCode="AITL">1711.000000</lineItem>
<lineItem coaCode="APPY">4120.000000</lineItem>
<lineItem coaCode="SOCA">247.000000</lineItem>
<lineItem coaCode="ATCA">44742.000000</lineItem>
<lineItem coaCode="APTC">31937.000000</lineItem>
<lineItem coaCode="ADEP">-20880.000000</lineItem>
<lineItem coaCode="APPN">11057.000000</lineItem>
<lineItem coaCode="AGWI">36782.000000</lineItem>
<lineItem coaCode="AINT">3981.000000</lineItem>
<lineItem coaCode="SINV">4806.000000</lineItem>
<lineItem coaCode="ALTR">8459.000000</lineItem>
<lineItem coaCode="SOLA">11809.000000</lineItem>
<lineItem coaCode="ATOT">121636.000000</lineItem>
<lineItem coaCode="LAPB">5442.000000</lineItem>
<lineItem coaCode="LAEX">7938.000000</lineItem>
<lineItem coaCode="LSTD">407.000000</lineItem>
<lineItem coaCode="LCLD">3892.000000</lineItem>
<lineItem coaCode="SOCL">14018.000000</lineItem>
<lineItem coaCode="LTCL">31697.000000</lineItem>
<lineItem coaCode="LLTD">41327.000000</lineItem>
<lineItem coaCode="LTTD">41327.000000</lineItem>
<lineItem coaCode="STLD">45626.000000</lineItem>
<lineItem coaCode="LMIN">130.000000</lineItem>
<lineItem coaCode="SLTL">28855.000000</lineItem>
<lineItem coaCode="LTLL">102009.000000</lineItem>
<lineItem coaCode="SCMS">44569.000000</lineItem>
<lineItem coaCode="QPIC">9826.000000</lineItem>
<lineItem coaCode="QRED">155565.000000</lineItem>
<lineItem coaCode="QTSC">-162812.000000</lineItem>
<lineItem coaCode="QUGL">4.000000</lineItem>
<lineItem coaCode="SOTE">-27525.000000</lineItem>
<lineItem coaCode="QTLE">19627.000000</lineItem>
<lineItem coaCode="QTEL">121636.000000</lineItem>
<lineItem coaCode="QTCO">925.791380</lineItem>
<lineItem coaCode="STBP">-22.830200</lineItem>
</Statement>
<Statement Type="CAS">
<FPHeader>
<PeriodLength>9</PeriodLength>
<periodType Code="M">Months</periodType>
<UpdateType Code="UPD">Updated Normal</UpdateType>
<StatementDate>2017-09-30</StatementDate>
<Source Date="2017-10-31">10-Q</Source>
</FPHeader>
<lineItem coaCode="ONET">6807.000000</lineItem>
<lineItem coaCode="SDED">2231.000000</lineItem>
<lineItem coaCode="SAMT">1161.000000</lineItem>
<lineItem coaCode="SNCI">480.000000</lineItem>
<lineItem coaCode="SOCF">312.000000</lineItem>
<lineItem coaCode="OTLO">10991.000000</lineItem>
<lineItem coaCode="SCEX">-2684.000000</lineItem>
<lineItem coaCode="SICF">-594.000000</lineItem>
<lineItem coaCode="ITLI">-3278.000000</lineItem>
<lineItem coaCode="SFCF">1.000000</lineItem>
<lineItem coaCode="FCDP">-4119.000000</lineItem>
<lineItem coaCode="FPSS">-3690.000000</lineItem>
<lineItem coaCode="FPRD">2309.000000</lineItem>
<lineItem coaCode="FTLF">-5499.000000</lineItem>
<lineItem coaCode="SFEE">875.000000</lineItem>
<lineItem coaCode="SNCC">3089.000000</lineItem>
</Statement>
</FiscalPeriod>
<FiscalPeriod Type="Interim" EndDate="2017-06-30" FiscalYear="2017" FiscalPeriodNumber="2">
<Statement Type="INC">
<FPHeader>
<PeriodLength>3</PeriodLength>
<periodType Code="M">Months</periodType>
<UpdateType Code="UPD">Updated Normal</UpdateType>
<AccountingStd></AccountingStd>
<StatementDate>2017-06-30</StatementDate>
<Source Date="2017-07-25">10-Q</Source>
</FPHeader>
<lineItem coaCode="SREV">19289.000000</lineItem>
<lineItem coaCode="RTLR">19289.000000</lineItem>
<lineItem coaCode="SCOR">10495.000000</lineItem>
<lineItem coaCode="SGRP">8794.000000</lineItem>
<lineItem coaCode="SSGA">5041.000000</lineItem>
<lineItem coaCode="ERAD">1484.000000</lineItem>
<lineItem coaCode="SDPR">127.000000</lineItem>
<lineItem coaCode="SINN">85.000000</lineItem>
<lineItem coaCode="SUIE">3.000000</lineItem>
<lineItem coaCode="SOOE">-389.000000</lineItem>
<lineItem coaCode="ETOE">16846.000000</lineItem>
<lineItem coaCode="SOPI">2443.000000</lineItem>
<lineItem coaCode="EIBT">2443.000000</lineItem>
<lineItem coaCode="TTAX">111.000000</lineItem>
<lineItem coaCode="TIAT">2332.000000</lineItem>
<lineItem coaCode="NIBX">2332.000000</lineItem>
<lineItem coaCode="STXI">-1.000000</lineItem>
<lineItem coaCode="NINC">2331.000000</lineItem>
<lineItem coaCode="CIAC">2332.000000</lineItem>
<lineItem coaCode="XNIC">2331.000000</lineItem>
<lineItem coaCode="SDNI">2331.000000</lineItem>
<lineItem coaCode="SDWS">939.564760</lineItem>
<lineItem coaCode="SDBF">2.482000</lineItem>
<lineItem coaCode="DDPS1">1.500000</lineItem>
<lineItem coaCode="VDES">2.289360</lineItem>
</Statement>
<Statement Type="BAL">
<FPHeader>
<UpdateType Code="UPD">Updated Normal</UpdateType>
<StatementDate>2017-06-30</StatementDate>
<Source Date="2017-07-25">10-Q</Source>
</FPHeader>
<lineItem coaCode="ACAE">11696.000000</lineItem>
<lineItem coaCode="ASTI">601.000000</lineItem>
<lineItem coaCode="SCSI">12297.000000</lineItem>
<lineItem coaCode="AACR">8401.000000</lineItem>
<lineItem coaCode="ATRC">26958.000000</lineItem>
<lineItem coaCode="AITL">1604.000000</lineItem>
<lineItem coaCode="APPY">3948.000000</lineItem>
<lineItem coaCode="SOCA">206.000000</lineItem>
<lineItem coaCode="ATCA">45013.000000</lineItem>
<lineItem coaCode="APTC">31291.000000</lineItem>
<lineItem coaCode="ADEP">-20388.000000</lineItem>
<lineItem coaCode="APPN">10903.000000</lineItem>
<lineItem coaCode="AGWI">36517.000000</lineItem>
<lineItem coaCode="AINT">4179.000000</lineItem>
<lineItem coaCode="SINV">4759.000000</lineItem>
<lineItem coaCode="ALTR">8296.000000</lineItem>
<lineItem coaCode="SOLA">10828.000000</lineItem>
<lineItem coaCode="ATOT">120495.000000</lineItem>
<lineItem coaCode="LAPB">5126.000000</lineItem>
<lineItem coaCode="LAEX">8161.000000</lineItem>
<lineItem coaCode="LSTD">227.000000</lineItem>
<lineItem coaCode="LCLD">7834.000000</lineItem>
<lineItem coaCode="SOCL">14618.000000</lineItem>
<lineItem coaCode="LTCL">35966.000000</lineItem>
<lineItem coaCode="LLTD">37612.000000</lineItem>
<lineItem coaCode="LTTD">37612.000000</lineItem>
<lineItem coaCode="STLD">45673.000000</lineItem>
<lineItem coaCode="LMIN">125.000000</lineItem>
<lineItem coaCode="SLTL">28373.000000</lineItem>
<lineItem coaCode="LTLL">102076.000000</lineItem>
<lineItem coaCode="SCMS">44561.000000</lineItem>
<lineItem coaCode="QPIC">9674.000000</lineItem>
<lineItem coaCode="QRED">154234.000000</lineItem>
<lineItem coaCode="QTSC">-161860.000000</lineItem>
<lineItem coaCode="QUGL">5.000000</lineItem>
<lineItem coaCode="SOTE">-28195.000000</lineItem>
<lineItem coaCode="QTLE">18419.000000</lineItem>
<lineItem coaCode="QTEL">120495.000000</lineItem>
<lineItem coaCode="QTCO">931.940300</lineItem>
<lineItem coaCode="STBP">-23.903890</lineItem>
</Statement>
<Statement Type="CAS">
<FPHeader>
<PeriodLength>6</PeriodLength>
<periodType Code="M">Months</periodType>
<UpdateType Code="UPD">Updated Normal</UpdateType>
<StatementDate>2017-06-30</StatementDate>
<Source Date="2017-07-25">10-Q</Source>
</FPHeader>
<lineItem coaCode="ONET">4082.000000</lineItem>
<lineItem coaCode="SDED">1439.000000</lineItem>
<lineItem coaCode="SAMT">777.000000</lineItem>
<lineItem coaCode="SNCI">339.000000</lineItem>
<lineItem coaCode="SOCF">784.000000</lineItem>
<lineItem coaCode="OTLO">7421.000000</lineItem>
<lineItem coaCode="SCEX">-1703.000000</lineItem>
<lineItem coaCode="SICF">348.000000</lineItem>
<lineItem coaCode="ITLI">-1355.000000</lineItem>
<lineItem coaCode="FCDP">-2724.000000</lineItem>
<lineItem coaCode="FPSS">-2775.000000</lineItem>
<lineItem coaCode="FPRD">2756.000000</lineItem>
<lineItem coaCode="FTLF">-2743.000000</lineItem>
<lineItem coaCode="SFEE">547.000000</lineItem>
<lineItem coaCode="SNCC">3870.000000</lineItem>
</Statement>
</FiscalPeriod>
<FiscalPeriod Type="Interim" EndDate="2017-03-31" FiscalYear="2017" FiscalPeriodNumber="1">
<Statement Type="INC">
<FPHeader>
<PeriodLength>3</PeriodLength>
<periodType Code="M">Months</periodType>
<UpdateType Code="UPD">Updated Normal</UpdateType>
<AccountingStd></AccountingStd>
<StatementDate>2017-03-31</StatementDate>
<Source Date="2017-04-25">10-Q</Source>
</FPHeader>
<lineItem coaCode="SREV">18155.000000</lineItem>
<lineItem coaCode="RTLR">18155.000000</lineItem>
<lineItem coaCode="SCOR">10383.000000</lineItem>
<lineItem coaCode="SGRP">7772.000000</lineItem>
<lineItem coaCode="SSGA">4901.000000</lineItem>
<lineItem coaCode="ERAD">1533.000000</lineItem>
<lineItem coaCode="SDPR">130.000000</lineItem>
<lineItem coaCode="SINN">81.000000</lineItem>
<lineItem coaCode="SUIE">167.000000</lineItem>
<lineItem coaCode="SOOE">-464.000000</lineItem>
<lineItem coaCode="ETOE">16731.000000</lineItem>
<lineItem coaCode="SOPI">1424.000000</lineItem>
<lineItem coaCode="EIBT">1424.000000</lineItem>
<lineItem coaCode="TTAX">-329.000000</lineItem>
<lineItem coaCode="TIAT">1753.000000</lineItem>
<lineItem coaCode="NIBX">1753.000000</lineItem>
<lineItem coaCode="STXI">-3.000000</lineItem>
<lineItem coaCode="NINC">1750.000000</lineItem>
<lineItem coaCode="CIAC">1753.000000</lineItem>
<lineItem coaCode="XNIC">1750.000000</lineItem>
<lineItem coaCode="SDNI">1750.000000</lineItem>
<lineItem coaCode="SDWS">947.836210</lineItem>
<lineItem coaCode="SDBF">1.849480</lineItem>
<lineItem coaCode="DDPS1">1.400000</lineItem>
<lineItem coaCode="VDES">1.819930</lineItem>
</Statement>
<Statement Type="BAL">
<FPHeader>
<UpdateType Code="UPD">Updated Normal</UpdateType>
<StatementDate>2017-03-31</StatementDate>
<Source Date="2017-04-25">10-Q</Source>
</FPHeader>
<lineItem coaCode="ACAE">10096.000000</lineItem>
<lineItem coaCode="ASTI">605.000000</lineItem>
<lineItem coaCode="SCSI">10701.000000</lineItem>
<lineItem coaCode="AACR">8377.000000</lineItem>
<lineItem coaCode="ATRC">25869.000000</lineItem>
<lineItem coaCode="AITL">1609.000000</lineItem>
<lineItem coaCode="APPY">4367.000000</lineItem>
<lineItem coaCode="SOCA">343.000000</lineItem>
<lineItem coaCode="ATCA">42889.000000</lineItem>
<lineItem coaCode="APTC">30681.000000</lineItem>
<lineItem coaCode="ADEP">-19816.000000</lineItem>
<lineItem coaCode="APPN">10865.000000</lineItem>
<lineItem coaCode="AGWI">36307.000000</lineItem>
<lineItem coaCode="AINT">4436.000000</lineItem>
<lineItem coaCode="SINV">4549.000000</lineItem>
<lineItem coaCode="ALTR">8502.000000</lineItem>
<lineItem coaCode="SOLA">9947.000000</lineItem>
<lineItem coaCode="ATOT">117495.000000</lineItem>
<lineItem coaCode="LAPB">5324.000000</lineItem>
<lineItem coaCode="LAEX">7589.000000</lineItem>
<lineItem coaCode="LSTD">285.000000</lineItem>
<lineItem coaCode="LCLD">8055.000000</lineItem>
<lineItem coaCode="SOCL">15228.000000</lineItem>
<lineItem coaCode="LTCL">36481.000000</lineItem>
<lineItem coaCode="LLTD">34441.000000</lineItem>
<lineItem coaCode="LTTD">34441.000000</lineItem>
<lineItem coaCode="STLD">42781.000000</lineItem>
<lineItem coaCode="LMIN">121.000000</lineItem>
<lineItem coaCode="SLTL">28125.000000</lineItem>
<lineItem coaCode="LTLL">99168.000000</lineItem>
<lineItem coaCode="SCMS">44524.000000</lineItem>
<lineItem coaCode="QPIC">9580.000000</lineItem>
<lineItem coaCode="QRED">153292.000000</lineItem>
<lineItem coaCode="QTSC">-160359.000000</lineItem>
<lineItem coaCode="QUGL">2.000000</lineItem>
<lineItem coaCode="SOTE">-28712.000000</lineItem>
<lineItem coaCode="QTLE">18327.000000</lineItem>
<lineItem coaCode="QTEL">117495.000000</lineItem>
<lineItem coaCode="QTCO">939.496880</lineItem>
<lineItem coaCode="STBP">-23.859580</lineItem>
</Statement>
<Statement Type="CAS">
<FPHeader>
<PeriodLength>3</PeriodLength>
<periodType Code="M">Months</periodType>
<UpdateType Code="UPD">Updated Normal</UpdateType>
<StatementDate>2017-03-31</StatementDate>
<Source Date="2017-04-25">10-Q</Source>
</FPHeader>
<lineItem coaCode="ONET">1750.000000</lineItem>
<lineItem coaCode="SDED">709.000000</lineItem>
<lineItem coaCode="SAMT">390.000000</lineItem>
<lineItem coaCode="SNCI">142.000000</lineItem>
<lineItem coaCode="SOCF">963.000000</lineItem>
<lineItem coaCode="OTLO">3954.000000</lineItem>
<lineItem coaCode="SCEX">-877.000000</lineItem>
<lineItem coaCode="SICF">1227.000000</lineItem>
<lineItem coaCode="ITLI">350.000000</lineItem>
<lineItem coaCode="FCDP">-1321.000000</lineItem>
<lineItem coaCode="FPSS">-1289.000000</lineItem>
<lineItem coaCode="FPRD">476.000000</lineItem>
<lineItem coaCode="FTLF">-2134.000000</lineItem>
<lineItem coaCode="SFEE">100.000000</lineItem>
<lineItem coaCode="SNCC">2270.000000</lineItem>
</Statement>
</FiscalPeriod>
<FiscalPeriod Type="Interim" EndDate="2016-12-31" FiscalYear="2016" FiscalPeriodNumber="4">
<Statement Type="INC">
<FPHeader>
<PeriodLength>3</PeriodLength>
<periodType Code="M">Months</periodType>
<UpdateType Code="UCA">Updated Calculated</UpdateType>
<AccountingStd></AccountingStd>
<StatementDate>2016-12-31</StatementDate>
<AuditorName Code="PWCL">PricewaterhouseCoopers LLP</AuditorName>
<AuditorOpinion Code="UNQ">Unqualified</AuditorOpinion>
<Source Date="2017-02-28">10-K</Source>
</FPHeader>
<lineItem coaCode="SREV">21770.000000</lineItem>
<lineItem coaCode="RTLR">21770.000000</lineItem>
<lineItem coaCode="SCOR">10876.000000</lineItem>
<lineItem coaCode="SGRP">10894.000000</lineItem>
<lineItem coaCode="SSGA">4869.000000</lineItem>
<lineItem coaCode="ERAD">1431.000000</lineItem>
<lineItem coaCode="SDPR">132.000000</lineItem>
<lineItem coaCode="SINN">63.000000</lineItem>
<lineItem coaCode="SUIE">0.000000</lineItem>
<lineItem coaCode="SOOE">-586.000000</lineItem>
<lineItem coaCode="ETOE">16785.000000</lineItem>
<lineItem coaCode="SOPI">4985.000000</lineItem>
<lineItem coaCode="EIBT">4985.000000</lineItem>
<lineItem coaCode="TTAX">480.000000</lineItem>
<lineItem coaCode="TIAT">4505.000000</lineItem>
<lineItem coaCode="NIBX">4505.000000</lineItem>
<lineItem coaCode="STXI">-5.000000</lineItem>
<lineItem coaCode="NINC">4500.000000</lineItem>
<lineItem coaCode="SANI">1.000000</lineItem>
<lineItem coaCode="CIAC">4506.000000</lineItem>
<lineItem coaCode="XNIC">4501.000000</lineItem>
<lineItem coaCode="SDNI">4501.000000</lineItem>
<lineItem coaCode="SDWS">952.683840</lineItem>
<lineItem coaCode="SDBF">4.729800</lineItem>
<lineItem coaCode="DDPS1">1.400000</lineItem>
<lineItem coaCode="VDES">4.527210</lineItem>
</Statement>
<Statement Type="BAL">
<FPHeader>
<UpdateType Code="UPD">Updated Normal</UpdateType>
<StatementDate>2016-12-31</StatementDate>
<AuditorName Code="PWCL">PricewaterhouseCoopers LLP</AuditorName>
<AuditorOpinion Code="UNQ">Unqualified</AuditorOpinion>
<Source Date="2017-02-28">10-K</Source>
</FPHeader>
<lineItem coaCode="ACAE">7826.000000</lineItem>
<lineItem coaCode="ASTI">712.000000</lineItem>
<lineItem coaCode="SCSI">8538.000000</lineItem>
<lineItem coaCode="AACR">9182.000000</lineItem>
<lineItem coaCode="ATRC">29245.000000</lineItem>
<lineItem coaCode="AITL">1553.000000</lineItem>
<lineItem coaCode="APPY">4032.000000</lineItem>
<lineItem coaCode="SOCA">520.000000</lineItem>
<lineItem coaCode="ATCA">43888.000000</lineItem>
<lineItem coaCode="APTC">30133.000000</lineItem>
<lineItem coaCode="ADEP">-19303.000000</lineItem>
<lineItem coaCode="APPN">10830.000000</lineItem>
<lineItem coaCode="AGWI">36199.000000</lineItem>
<lineItem coaCode="AINT">4688.000000</lineItem>
<lineItem coaCode="SINV">3436.000000</lineItem>
<lineItem coaCode="ALTR">9021.000000</lineItem>
<lineItem coaCode="SOLA">9408.000000</lineItem>
<lineItem coaCode="ATOT">117470.000000</lineItem>
<lineItem coaCode="LAPB">6209.000000</lineItem>
<lineItem coaCode="LAEX">8137.000000</lineItem>
<lineItem coaCode="LSTD">1274.000000</lineItem>
<lineItem coaCode="LCLD">6239.000000</lineItem>
<lineItem coaCode="SOCL">14416.000000</lineItem>
<lineItem coaCode="LTCL">36275.000000</lineItem>
<lineItem coaCode="LLTD">34655.000000</lineItem>
<lineItem coaCode="LTTD">34655.000000</lineItem>
<lineItem coaCode="STLD">42168.000000</lineItem>
<lineItem coaCode="LMIN">146.000000</lineItem>
<lineItem coaCode="SLTL">28148.000000</lineItem>
<lineItem coaCode="LTLL">99224.000000</lineItem>
<lineItem coaCode="SCMS">53935.000000</lineItem>
<lineItem coaCode="QRED">152759.000000</lineItem>
<lineItem coaCode="QTSC">-159050.000000</lineItem>
<lineItem coaCode="QUGL">2.000000</lineItem>
<lineItem coaCode="SOTE">-29400.000000</lineItem>
<lineItem coaCode="QTLE">18246.000000</lineItem>
<lineItem coaCode="QTEL">117470.000000</lineItem>
<lineItem coaCode="QTCO">945.867400</lineItem>
<lineItem coaCode="STBP">-23.936760</lineItem>
</Statement>
<Statement Type="CAS">
<FPHeader>
<PeriodLength>12</PeriodLength>
<periodType Code="M">Months</periodType>
<UpdateType Code="UPD">Updated Normal</UpdateType>
<StatementDate>2016-12-31</StatementDate>
<AuditorName Code="PWCL">PricewaterhouseCoopers LLP</AuditorName>
<AuditorOpinion Code="UNQ">Unqualified</AuditorOpinion>
<Source Date="2017-02-28">10-K</Source>
</FPHeader>
<lineItem coaCode="ONET">11872.000000</lineItem>
<lineItem coaCode="SDED">2837.000000</lineItem>
<lineItem coaCode="SAMT">1544.000000</lineItem>
<lineItem coaCode="OBDT">-1132.000000</lineItem>
<lineItem coaCode="SNCI">606.000000</lineItem>
<lineItem coaCode="SOCF">1231.000000</lineItem>
<lineItem coaCode="OTLO">16958.000000</lineItem>
<lineItem coaCode="SCEX">-4150.000000</lineItem>
<lineItem coaCode="SICF">-6826.000000</lineItem>
<lineItem coaCode="ITLI">-10976.000000</lineItem>
<lineItem coaCode="FCDP">-5256.000000</lineItem>
<lineItem coaCode="FPSS">-3298.000000</lineItem>
<lineItem coaCode="FPRD">2763.000000</lineItem>
<lineItem coaCode="FTLF">-5791.000000</lineItem>
<lineItem coaCode="SFEE">-51.000000</lineItem>
<lineItem coaCode="SNCC">140.000000</lineItem>
</Statement>
</FiscalPeriod>
</InterimPeriods>
</FinancialStatements>
</ReportFinancialStatements>
