<?xml version="1.0" encoding="UTF-8"?>
<ReportFinancialStatements Major="1" Minor="0" Revision="1">
<CoIDs>
<CoID Type="RepNo">A4441</CoID>
<CoID Type="CompanyName">Reliance Industries Limited</CoID>
</CoIDs>
<Issues>
<Issue ID="1" Type="C" Desc="Common Stock" Order="1">
<IssueID Type="Name">Fully Paid Ord. Shrs</IssueID>
<IssueID Type="Ticker">RELIANCE</IssueID>
<IssueID Type="CUSIP">Y72596102</IssueID>
<IssueID Type="ISIN">INE002A01018</IssueID>
<IssueID Type="RIC">RELI.NS</IssueID>
<IssueID Type="SEDOL">6099626</IssueID>
<IssueID Type="DisplayRIC">RELI.NS</IssueID>
<IssueID Type="InstrumentPI">349496</IssueID>
<IssueID Type="QuotePI">783174</IssueID>
<Exchange Code="NSE" Country="IND">National Stock Exchange of India</Exchange>
<MostRecentSplit Date="2017-09-07">2.0</MostRecentSplit>
</Issue>
</Issues>
<CoGeneralInfo>
<CoStatus Code="1">Active</CoStatus>
<CoType Code="EQU">Equity Issue</CoType>
<LastModified>2018-01-24</LastModified>
<LatestAvailableAnnual>2017-03-31</LatestAvailableAnnual>
<LatestAvailableInterim>2017-12-31</LatestAvailableInterim>
<ReportingCurrency Code="INR">Rupee</ReportingCurrency>
<MostRecentExchange Date="2018-01-23">63.75</MostRecentExchange>
</CoGeneralInfo>
<StatementInfo>
<COAType Code="IND">Industry</COAType>
<BalanceSheetDisplay Code="CUR">Differentiates</BalanceSheetDisplay>
<CashFlowMethod Code="IND">Indirect</CashFlowMethod>
</StatementInfo>
<Notes>
<CFAAvailability Code="1" />
<IAvailability Code="1" />
<ISIAvailability Code="1" />
<BSIAvailability Code="1" />
<CFIAvailability Code="0" />
</Notes>
<FinancialStatements>
<COAMap>
<mapItem coaItem="SREV" statementType="INC" lineID="100" precision="1">Revenue</mapItem>
<mapItem coaItem="SORE" statementType="INC" lineID="300" precision="1">Other Revenue, Total</mapItem>
<mapItem coaItem="RTLR" statementType="INC" lineID="310" precision="1">Total Revenue</mapItem>
<mapItem coaItem="SCOR" statementType="INC" lineID="360" precision="1">Cost of Revenue, Total</mapItem>
<mapItem coaItem="SGRP" statementType="INC" lineID="370" precision="1">Gross Profit</mapItem>
<mapItem coaItem="SSGA" statementType="INC" lineID="550" precision="1">Selling/General/Admin. Expenses, Total</mapItem>
<mapItem coaItem="ERAD" statementType="INC" lineID="560" precision="1">Research &amp; Development</mapItem>
<mapItem coaItem="SDPR" statementType="INC" lineID="600" precision="1">Depreciation/Amortization</mapItem>
<mapItem coaItem="SINN" statementType="INC" lineID="671" precision="1">Interest Exp.(Inc.),Net-Operating, Total</mapItem>
<mapItem coaItem="SUIE" statementType="INC" lineID="740" precision="1">Unusual Expense (Income)</mapItem>
<mapItem coaItem="SOOE" statementType="INC" lineID="820" precision="1">Other Operating Expenses, Total</mapItem>
<mapItem coaItem="ETOE" statementType="INC" lineID="830" precision="1">Total Operating Expense</mapItem>
<mapItem coaItem="SOPI" statementType="INC" lineID="840" precision="1">Operating Income</mapItem>
<mapItem coaItem="SNIN" statementType="INC" lineID="911" precision="1">Interest Inc.(Exp.),Net-Non-Op., Total</mapItem>
<mapItem coaItem="NGLA" statementType="INC" lineID="920" precision="1">Gain (Loss) on Sale of Assets</mapItem>
<mapItem coaItem="SONT" statementType="INC" lineID="1270" precision="1">Other, Net</mapItem>
<mapItem coaItem="EIBT" statementType="INC" lineID="1280" precision="1">Net Income Before Taxes</mapItem>
<mapItem coaItem="TTAX" statementType="INC" lineID="1290" precision="1">Provision for Income Taxes</mapItem>
<mapItem coaItem="TIAT" statementType="INC" lineID="1300" precision="1">Net Income After Taxes</mapItem>
<mapItem coaItem="CMIN" statementType="INC" lineID="1310" precision="1">Minority Interest</mapItem>
<mapItem coaItem="CEIA" statementType="INC" lineID="1320" precision="1">Equity In Affiliates</mapItem>
<mapItem coaItem="CGAP" statementType="INC" lineID="1330" precision="1">U.S. GAAP Adjustment</mapItem>
<mapItem coaItem="NIBX" statementType="INC" lineID="1340" precision="1">Net Income Before Extra. Items</mapItem>
<mapItem coaItem="STXI" statementType="INC" lineID="1390" precision="1">Total Extraordinary Items</mapItem>
<mapItem coaItem="NINC" statementType="INC" lineID="1400" precision="1">Net Income</mapItem>
<mapItem coaItem="SANI" statementType="INC" lineID="1460" precision="1">Total Adjustments to Net Income</mapItem>
<mapItem coaItem="CIAC" statementType="INC" lineID="1470" precision="1">Income Available to Com Excl ExtraOrd</mapItem>
<mapItem coaItem="XNIC" statementType="INC" lineID="1480" precision="1">Income Available to Com Incl ExtraOrd</mapItem>
<mapItem coaItem="SDAJ" statementType="INC" lineID="1520" precision="1">Dilution Adjustment</mapItem>
<mapItem coaItem="SDNI" statementType="INC" lineID="1530" precision="1">Diluted Net Income</mapItem>
<mapItem coaItem="SDWS" statementType="INC" lineID="1540" precision="2">Diluted Weighted Average Shares</mapItem>
<mapItem coaItem="SDBF" statementType="INC" lineID="1550" precision="3">Diluted EPS Excluding ExtraOrd Items</mapItem>
<mapItem coaItem="DDPS1" statementType="INC" lineID="1570" precision="3">DPS - Common Stock Primary Issue</mapItem>
<mapItem coaItem="VDES" statementType="INC" lineID="1770" precision="3">Diluted Normalized EPS</mapItem>
<mapItem coaItem="ACSH" statementType="BAL" lineID="10" precision="1">Cash</mapItem>
<mapItem coaItem="ACAE" statementType="BAL" lineID="20" precision="1">Cash &amp; Equivalents</mapItem>
<mapItem coaItem="ASTI" statementType="BAL" lineID="30" precision="1">Short Term Investments</mapItem>
<mapItem coaItem="SCSI" statementType="BAL" lineID="40" precision="1">Cash and Short Term Investments</mapItem>
<mapItem coaItem="AACR" statementType="BAL" lineID="70" precision="1">Accounts Receivable - Trade, Net</mapItem>
<mapItem coaItem="ATRC" statementType="BAL" lineID="100" precision="1">Total Receivables, Net</mapItem>
<mapItem coaItem="AITL" statementType="BAL" lineID="180" precision="1">Total Inventory</mapItem>
<mapItem coaItem="APPY" statementType="BAL" lineID="190" precision="1">Prepaid Expenses</mapItem>
<mapItem coaItem="SOCA" statementType="BAL" lineID="260" precision="1">Other Current Assets, Total</mapItem>
<mapItem coaItem="ATCA" statementType="BAL" lineID="270" precision="1">Total Current Assets</mapItem>
<mapItem coaItem="APTC" statementType="BAL" lineID="520" precision="1">Property/Plant/Equipment, Total - Gross</mapItem>
<mapItem coaItem="ADEP" statementType="BAL" lineID="530" precision="1">Accumulated Depreciation, Total</mapItem>
<mapItem coaItem="APPN" statementType="BAL" lineID="540" precision="1">Property/Plant/Equipment, Total - Net</mapItem>
<mapItem coaItem="AGWI" statementType="BAL" lineID="570" precision="1">Goodwill, Net</mapItem>
<mapItem coaItem="AINT" statementType="BAL" lineID="600" precision="1">Intangibles, Net</mapItem>
<mapItem coaItem="SINV" statementType="BAL" lineID="690" precision="1">Long Term Investments</mapItem>
<mapItem coaItem="ALTR" statementType="BAL" lineID="710" precision="1">Note Receivable - Long Term</mapItem>
<mapItem coaItem="SOLA" statementType="BAL" lineID="780" precision="1">Other Long Term Assets, Total</mapItem>
<mapItem coaItem="ATOT" statementType="BAL" lineID="880" precision="1">Total Assets</mapItem>
<mapItem coaItem="LAPB" statementType="BAL" lineID="890" precision="1">Accounts Payable</mapItem>
<mapItem coaItem="LPBA" statementType="BAL" lineID="900" precision="1">Payable/Accrued</mapItem>
<mapItem coaItem="LAEX" statementType="BAL" lineID="910" precision="1">Accrued Expenses</mapItem>
<mapItem coaItem="LSTD" statementType="BAL" lineID="1120" precision="1">Notes Payable/Short Term Debt</mapItem>
<mapItem coaItem="LCLD" statementType="BAL" lineID="1130" precision="1">Current Port. of  LT Debt/Capital Leases</mapItem>
<mapItem coaItem="SOCL" statementType="BAL" lineID="1220" precision="1">Other Current liabilities, Total</mapItem>
<mapItem coaItem="LTCL" statementType="BAL" lineID="1230" precision="1">Total Current Liabilities</mapItem>
<mapItem coaItem="LLTD" statementType="BAL" lineID="1240" precision="1">Long Term Debt</mapItem>
<mapItem coaItem="LCLO" statementType="BAL" lineID="1250" precision="1">Capital Lease Obligations</mapItem>
<mapItem coaItem="LTTD" statementType="BAL" lineID="1260" precision="1">Total Long Term Debt</mapItem>
<mapItem coaItem="STLD" statementType="BAL" lineID="1270" precision="1">Total Debt</mapItem>
<mapItem coaItem="SBDT" statementType="BAL" lineID="1300" precision="1">Deferred Income Tax</mapItem>
<mapItem coaItem="LMIN" statementType="BAL" lineID="1310" precision="1">Minority Interest</mapItem>
<mapItem coaItem="SLTL" statementType="BAL" lineID="1370" precision="1">Other Liabilities, Total</mapItem>
<mapItem coaItem="LTLL" statementType="BAL" lineID="1380" precision="1">Total Liabilities</mapItem>
<mapItem coaItem="SRPR" statementType="BAL" lineID="1410" precision="1">Redeemable Preferred Stock, Total</mapItem>
<mapItem coaItem="SPRS" statementType="BAL" lineID="1460" precision="1">Preferred Stock - Non Redeemable, Net</mapItem>
<mapItem coaItem="SCMS" statementType="BAL" lineID="1490" precision="1">Common Stock, Total</mapItem>
<mapItem coaItem="QPIC" statementType="BAL" lineID="1500" precision="1">Additional Paid-In Capital</mapItem>
<mapItem coaItem="QRED" statementType="BAL" lineID="1510" precision="1">Retained Earnings (Accumulated Deficit)</mapItem>
<mapItem coaItem="QTSC" statementType="BAL" lineID="1520" precision="1">Treasury Stock - Common</mapItem>
<mapItem coaItem="QEDG" statementType="BAL" lineID="1530" precision="1">ESOP Debt Guarantee</mapItem>
<mapItem coaItem="QUGL" statementType="BAL" lineID="1540" precision="1">Unrealized Gain (Loss)</mapItem>
<mapItem coaItem="SOTE" statementType="BAL" lineID="1590" precision="1">Other Equity, Total</mapItem>
<mapItem coaItem="QTLE" statementType="BAL" lineID="1600" precision="1">Total Equity</mapItem>
<mapItem coaItem="QTEL" statementType="BAL" lineID="1610" precision="1">Total Liabilities &amp; Shareholders' Equity</mapItem>
<mapItem coaItem="QTCO" statementType="BAL" lineID="1660" precision="2">Total Common Shares Outstanding</mapItem>
<mapItem coaItem="QTPO" statementType="BAL" lineID="1770" precision="2">Total Preferred Shares Outstanding</mapItem>
<mapItem coaItem="STBP" statementType="BAL" lineID="1980" precision="3">Tangible Book Value per Share, Common Eq</mapItem>
<mapItem coaItem="ONET" statementType="CAS" lineID="10" precision="1">Net Income/Starting Line</mapItem>
<mapItem coaItem="SDED" statementType="CAS" lineID="40" precision="1">Depreciation/Depletion</mapItem>
<mapItem coaItem="SAMT" statementType="CAS" lineID="80" precision="1">Amortization</mapItem>
<mapItem coaItem="OBDT" statementType="CAS" lineID="90" precision="1">Deferred Taxes</mapItem>
<mapItem coaItem="SNCI" statementType="CAS" lineID="170" precision="1">Non-Cash Items</mapItem>
<mapItem coaItem="SOCF" statementType="CAS" lineID="470" precision="1">Changes in Working Capital</mapItem>
<mapItem coaItem="OTLO" statementType="CAS" lineID="480" precision="1">Cash from Operating Activities</mapItem>
<mapItem coaItem="SCEX" statementType="CAS" lineID="520" precision="1">Capital Expenditures</mapItem>
<mapItem coaItem="SICF" statementType="CAS" lineID="670" precision="1">Other Investing Cash Flow Items, Total</mapItem>
<mapItem coaItem="ITLI" statementType="CAS" lineID="680" precision="1">Cash from Investing Activities</mapItem>
<mapItem coaItem="SFCF" statementType="CAS" lineID="730" precision="1">Financing Cash Flow Items</mapItem>
<mapItem coaItem="FCDP" statementType="CAS" lineID="760" precision="1">Total Cash Dividends Paid</mapItem>
<mapItem coaItem="FPSS" statementType="CAS" lineID="880" precision="1">Issuance (Retirement) of Stock, Net</mapItem>
<mapItem coaItem="FPRD" statementType="CAS" lineID="970" precision="1">Issuance (Retirement) of Debt, Net</mapItem>
<mapItem coaItem="FTLF" statementType="CAS" lineID="980" precision="1">Cash from Financing Activities</mapItem>
<mapItem coaItem="SFEE" statementType="CAS" lineID="990" precision="1">Foreign Exchange Effects</mapItem>
<mapItem coaItem="SNCC" statementType="CAS" lineID="1000" precision="1">Net Change in Cash</mapItem>
<mapItem coaItem="SCIP" statementType="CAS" lineID="1040" precision="1">Cash Interest Paid</mapItem>
<mapItem coaItem="SCTP" statementType="CAS" lineID="1050" precision="1">Cash Taxes Paid</mapItem>
</COAMap>
<AnnualPeriods>
<FiscalPeriod Type="Annual" EndDate="2017-03-31" FiscalYear="2017">
<Statement Type="INC">
<FPHeader>
<PeriodLength>12</PeriodLength>
<periodType Code="M">Months</periodType>
<UpdateType Code="UPD">Updated Normal</UpdateType>
<AccountingStd></AccountingStd>
<StatementDate>2017-03-31</StatementDate>
<AuditorName Code="CHSH">Chaturvedi &amp; Shah</AuditorName>
<AuditorOpinion Code="UWE">Unqualified with Explanation</AuditorOpinion>
<Source Date="2017-06-28">ARS</Source>
</FPHeader>
<lineItem coaCode="SREV">3301800.000000</lineItem>
<lineItem coaCode="RTLR">3301800.000000</lineItem>
<lineItem coaCode="SCOR">2556710.000000</lineItem>
<lineItem coaCode="SGRP">745090.000000</lineItem>
<lineItem coaCode="SSGA">298230.000000</lineItem>
<lineItem coaCode="SDPR">116460.000000</lineItem>
<lineItem coaCode="SUIE">0.000000</lineItem>
<lineItem coaCode="SOOE">-19610.000000</lineItem>
<lineItem coaCode="ETOE">2951790.000000</lineItem>
<lineItem coaCode="SOPI">350010.000000</lineItem>
<lineItem coaCode="SNIN">-9660.000000</lineItem>
<lineItem coaCode="NGLA">52970.000000</lineItem>
<lineItem coaCode="SONT">7020.000000</lineItem>
<lineItem coaCode="EIBT">400340.000000</lineItem>
<lineItem coaCode="TTAX">102010.000000</lineItem>
<lineItem coaCode="TIAT">298330.000000</lineItem>
<lineItem coaCode="CMIN">680.000000</lineItem>
<lineItem coaCode="NIBX">299010.000000</lineItem>
<lineItem coaCode="NINC">299010.000000</lineItem>
<lineItem coaCode="CIAC">299010.000000</lineItem>
<lineItem coaCode="XNIC">299010.000000</lineItem>
<lineItem coaCode="SDNI">299010.000000</lineItem>
<lineItem coaCode="SDWS">5912.815580</lineItem>
<lineItem coaCode="SDBF">50.569820</lineItem>
<lineItem coaCode="DDPS1">5.500000</lineItem>
<lineItem coaCode="VDES">43.894010</lineItem>
</Statement>
<Statement Type="BAL">
<FPHeader>
<UpdateType Code="UPD">Updated Normal</UpdateType>
<StatementDate>2017-03-31</StatementDate>
<AuditorName Code="CHSH">Chaturvedi &amp; Shah</AuditorName>
<AuditorOpinion Code="UWE">Unqualified with Explanation</AuditorOpinion>
<Source Date="2017-06-28">ARS</Source>
</FPHeader>
<lineItem coaCode="ACSH">30230.000000</lineItem>
<lineItem coaCode="ASTI">609260.000000</lineItem>
<lineItem coaCode="SCSI">639490.000000</lineItem>
<lineItem coaCode="AACR">85370.000000</lineItem>
<lineItem coaCode="ATRC">263350.000000</lineItem>
<lineItem coaCode="AITL">534600.000000</lineItem>
<lineItem coaCode="SOCA">30690.000000</lineItem>
<lineItem coaCode="ATCA">1468130.000000</lineItem>
<lineItem coaCode="APTC">5299820.000000</lineItem>
<lineItem coaCode="ADEP">-1122310.000000</lineItem>
<lineItem coaCode="APPN">4177510.000000</lineItem>
<lineItem coaCode="AGWI">48920.000000</lineItem>
<lineItem coaCode="AINT">1007200.000000</lineItem>
<lineItem coaCode="SINV">256390.000000</lineItem>
<lineItem coaCode="ALTR">66930.000000</lineItem>
<lineItem coaCode="SOLA">42940.000000</lineItem>
<lineItem coaCode="ATOT">7068020.000000</lineItem>
<lineItem coaCode="LAPB">765950.000000</lineItem>
<lineItem coaCode="LAEX">24520.000000</lineItem>
<lineItem coaCode="LSTD">315320.000000</lineItem>
<lineItem coaCode="LCLD">129250.000000</lineItem>
<lineItem coaCode="SOCL">1118130.000000</lineItem>
<lineItem coaCode="LTCL">2353170.000000</lineItem>
<lineItem coaCode="LLTD">1611730.000000</lineItem>
<lineItem coaCode="LCLO">0.000000</lineItem>
<lineItem coaCode="LTTD">1611730.000000</lineItem>
<lineItem coaCode="STLD">2056300.000000</lineItem>
<lineItem coaCode="SBDT">211980.000000</lineItem>
<lineItem coaCode="LMIN">29170.000000</lineItem>
<lineItem coaCode="SLTL">224880.000000</lineItem>
<lineItem coaCode="LTLL">4430930.000000</lineItem>
<lineItem coaCode="SCMS">29590.000000</lineItem>
<lineItem coaCode="QPIC">436280.000000</lineItem>
<lineItem coaCode="QRED">2110580.000000</lineItem>
<lineItem coaCode="QUGL">8700.000000</lineItem>
<lineItem coaCode="SOTE">51940.000000</lineItem>
<lineItem coaCode="QTLE">2637090.000000</lineItem>
<lineItem coaCode="QTEL">7068020.000000</lineItem>
<lineItem coaCode="QTCO">5917.848550</lineItem>
<lineItem coaCode="STBP">267.152830</lineItem>
</Statement>
<Statement Type="CAS">
<FPHeader>
<PeriodLength>12</PeriodLength>
<periodType Code="M">Months</periodType>
<UpdateType Code="UPD">Updated Normal</UpdateType>
<StatementDate>2017-03-31</StatementDate>
<AuditorName Code="CHSH">Chaturvedi &amp; Shah</AuditorName>
<AuditorOpinion Code="UWE">Unqualified with Explanation</AuditorOpinion>
<Source Date="2017-06-28">ARS</Source>
</FPHeader>
<lineItem coaCode="ONET">400340.000000</lineItem>
<lineItem coaCode="SDED">116460.000000</lineItem>
<lineItem coaCode="SNCI">-75100.000000</lineItem>
<lineItem coaCode="SCTP">100830.000000</lineItem>
<lineItem coaCode="SCIP">129200.000000</lineItem>
<lineItem coaCode="SOCF">53800.000000</lineItem>
<lineItem coaCode="OTLO">495500.000000</lineItem>
<lineItem coaCode="SCEX">-781090.000000</lineItem>
<lineItem coaCode="SICF">118170.000000</lineItem>
<lineItem coaCode="ITLI">-662920.000000</lineItem>
<lineItem coaCode="SFCF">-128070.000000</lineItem>
<lineItem coaCode="FCDP">-530.000000</lineItem>
<lineItem coaCode="FPSS">6960.000000</lineItem>
<lineItem coaCode="FPRD">207810.000000</lineItem>
<lineItem coaCode="FTLF">86170.000000</lineItem>
<lineItem coaCode="SNCC">-81250.000000</lineItem>
</Statement>
</FiscalPeriod>
<FiscalPeriod Type="Annual" EndDate="2016-03-31" FiscalYear="2016">
<Statement Type="INC">
<FPHeader>
<PeriodLength>12</PeriodLength>
<periodType Code="M">Months</periodType>
<UpdateType Code="RES">Restated Normal</UpdateType>
<AccountingStd></AccountingStd>
<StatementDate>2017-03-31</StatementDate>
<AuditorName Code="CHSH">Chaturvedi &amp; Shah</AuditorName>
<AuditorOpinion Code="UWE">Unqualified with Explanation</AuditorOpinion>
<Source Date="2017-06-28">ARS</Source>
</FPHeader>
<lineItem coaCode="SREV">2932980.000000</lineItem>
<lineItem coaCode="RTLR">2932980.000000</lineItem>
<lineItem coaCode="SCOR">2254230.000000</lineItem>
<lineItem coaCode="SGRP">678750.000000</lineItem>
<lineItem coaCode="SSGA">290660.000000</lineItem>
<lineItem coaCode="SDPR">115650.000000</lineItem>
<lineItem coaCode="SUIE">-46170.000000</lineItem>
<lineItem coaCode="SOOE">-25070.000000</lineItem>
<lineItem coaCode="ETOE">2589300.000000</lineItem>
<lineItem coaCode="SOPI">343680.000000</lineItem>
<lineItem coaCode="SNIN">9880.000000</lineItem>
<lineItem coaCode="NGLA">27720.000000</lineItem>
<lineItem coaCode="SONT">6090.000000</lineItem>
<lineItem coaCode="EIBT">387370.000000</lineItem>
<lineItem coaCode="TTAX">88760.000000</lineItem>
<lineItem coaCode="TIAT">298610.000000</lineItem>
<lineItem coaCode="CMIN">-1160.000000</lineItem>
<lineItem coaCode="NIBX">297450.000000</lineItem>
<lineItem coaCode="NINC">297450.000000</lineItem>
<lineItem coaCode="CIAC">297450.000000</lineItem>
<lineItem coaCode="XNIC">297450.000000</lineItem>
<lineItem coaCode="SDNI">297450.000000</lineItem>
<lineItem coaCode="SDWS">5904.968830</lineItem>
<lineItem coaCode="SDBF">50.372830</lineItem>
<lineItem coaCode="DDPS1">5.250000</lineItem>
<lineItem coaCode="VDES">40.726850</lineItem>
</Statement>
<Statement Type="BAL">
<FPHeader>
<UpdateType Code="RES">Restated Normal</UpdateType>
<StatementDate>2017-03-31</StatementDate>
<AuditorName Code="CHSH">Chaturvedi &amp; Shah</AuditorName>
<AuditorOpinion Code="UWE">Unqualified with Explanation</AuditorOpinion>
<Source Date="2017-06-28">ARS</Source>
</FPHeader>
<lineItem coaCode="ACSH">110280.000000</lineItem>
<lineItem coaCode="ASTI">476840.000000</lineItem>
<lineItem coaCode="SCSI">587120.000000</lineItem>
<lineItem coaCode="AACR">54010.000000</lineItem>
<lineItem coaCode="ATRC">174110.000000</lineItem>
<lineItem coaCode="AITL">464860.000000</lineItem>
<lineItem coaCode="SOCA">51760.000000</lineItem>
<lineItem coaCode="ATCA">1277850.000000</lineItem>
<lineItem coaCode="APTC">4316760.000000</lineItem>
<lineItem coaCode="ADEP">-1034540.000000</lineItem>
<lineItem coaCode="APPN">3282220.000000</lineItem>
<lineItem coaCode="AGWI">42540.000000</lineItem>
<lineItem coaCode="AINT">811310.000000</lineItem>
<lineItem coaCode="SINV">415120.000000</lineItem>
<lineItem coaCode="ALTR">125710.000000</lineItem>
<lineItem coaCode="SOLA">35220.000000</lineItem>
<lineItem coaCode="ATOT">5989970.000000</lineItem>
<lineItem coaCode="LAPB">602960.000000</lineItem>
<lineItem coaCode="LAEX">19810.000000</lineItem>
<lineItem coaCode="LSTD">235500.000000</lineItem>
<lineItem coaCode="LCLD">154730.000000</lineItem>
<lineItem coaCode="SOCL">838540.000000</lineItem>
<lineItem coaCode="LTCL">1851540.000000</lineItem>
<lineItem coaCode="LLTD">1438960.000000</lineItem>
<lineItem coaCode="LCLO">0.000000</lineItem>
<lineItem coaCode="LTTD">1438960.000000</lineItem>
<lineItem coaCode="STLD">1829190.000000</lineItem>
<lineItem coaCode="SBDT">204940.000000</lineItem>
<lineItem coaCode="LMIN">33560.000000</lineItem>
<lineItem coaCode="SLTL">145410.000000</lineItem>
<lineItem coaCode="LTLL">3674410.000000</lineItem>
<lineItem coaCode="SCMS">29480.000000</lineItem>
<lineItem coaCode="QPIC">429910.000000</lineItem>
<lineItem coaCode="QRED">1814110.000000</lineItem>
<lineItem coaCode="QUGL">8350.000000</lineItem>
<lineItem coaCode="SOTE">33710.000000</lineItem>
<lineItem coaCode="QTLE">2315560.000000</lineItem>
<lineItem coaCode="QTEL">5989970.000000</lineItem>
<lineItem coaCode="QTCO">5896.043390</lineItem>
<lineItem coaCode="STBP">247.913710</lineItem>
</Statement>
<Statement Type="CAS">
<FPHeader>
<PeriodLength>12</PeriodLength>
<periodType Code="M">Months</periodType>
<UpdateType Code="RES">Restated Normal</UpdateType>
<StatementDate>2017-03-31</StatementDate>
<AuditorName Code="CHSH">Chaturvedi &amp; Shah</AuditorName>
<AuditorOpinion Code="UWE">Unqualified with Explanation</AuditorOpinion>
<Source Date="2017-06-28">ARS</Source>
</FPHeader>
<lineItem coaCode="ONET">387370.000000</lineItem>
<lineItem coaCode="SDED">115650.000000</lineItem>
<lineItem coaCode="SNCI">-114150.000000</lineItem>
<lineItem coaCode="SCTP">85820.000000</lineItem>
<lineItem coaCode="SCIP">92240.000000</lineItem>
<lineItem coaCode="SOCF">-7530.000000</lineItem>
<lineItem coaCode="OTLO">381340.000000</lineItem>
<lineItem coaCode="SCEX">-468980.000000</lineItem>
<lineItem coaCode="SICF">107080.000000</lineItem>
<lineItem coaCode="ITLI">-361900.000000</lineItem>
<lineItem coaCode="SFCF">-92220.000000</lineItem>
<lineItem coaCode="FCDP">-72590.000000</lineItem>
<lineItem coaCode="FPSS">2910.000000</lineItem>
<lineItem coaCode="FPRD">129800.000000</lineItem>
<lineItem coaCode="FTLF">-32100.000000</lineItem>
<lineItem coaCode="SNCC">-12660.000000</lineItem>
</Statement>
</FiscalPeriod>
<FiscalPeriod Type="Annual" EndDate="2015-03-31" FiscalYear="2015">
<Statement Type="INC">
<FPHeader>
<PeriodLength>12</PeriodLength>
<periodType Code="M">Months</periodType>
<UpdateType Code="UPD">Updated Normal</UpdateType>
<AccountingStd></AccountingStd>
<StatementDate>2015-03-31</StatementDate>
<AuditorName Code="CHSH">Chaturvedi &amp; Shah</AuditorName>
<AuditorOpinion Code="UNQ">Unqualified</AuditorOpinion>
<Source Date="2015-05-25">ARS</Source>
</FPHeader>
<lineItem coaCode="SREV">3754350.000000</lineItem>
<lineItem coaCode="RTLR">3754350.000000</lineItem>
<lineItem coaCode="SCOR">3156270.000000</lineItem>
<lineItem coaCode="SGRP">598080.000000</lineItem>
<lineItem coaCode="SSGA">223590.000000</lineItem>
<lineItem coaCode="SDPR">115470.000000</lineItem>
<lineItem coaCode="SUIE">-80.000000</lineItem>
<lineItem coaCode="ETOE">3495250.000000</lineItem>
<lineItem coaCode="SOPI">259100.000000</lineItem>
<lineItem coaCode="SNIN">51530.000000</lineItem>
<lineItem coaCode="NGLA">-850.000000</lineItem>
<lineItem coaCode="SONT">1360.000000</lineItem>
<lineItem coaCode="EIBT">311140.000000</lineItem>
<lineItem coaCode="TTAX">74740.000000</lineItem>
<lineItem coaCode="TIAT">236400.000000</lineItem>
<lineItem coaCode="CMIN">-740.000000</lineItem>
<lineItem coaCode="NIBX">235660.000000</lineItem>
<lineItem coaCode="NINC">235660.000000</lineItem>
<lineItem coaCode="CIAC">235660.000000</lineItem>
<lineItem coaCode="XNIC">235660.000000</lineItem>
<lineItem coaCode="SDNI">235660.000000</lineItem>
<lineItem coaCode="SDWS">5883.717560</lineItem>
<lineItem coaCode="SDBF">40.052910</lineItem>
<lineItem coaCode="DDPS1">5.000000</lineItem>
<lineItem coaCode="VDES">40.152340</lineItem>
</Statement>
<Statement Type="BAL">
<FPHeader>
<UpdateType Code="RES">Restated Normal</UpdateType>
<StatementDate>2017-03-31</StatementDate>
<AuditorName Code="CHSH">Chaturvedi &amp; Shah</AuditorName>
<AuditorOpinion Code="UWE">Unqualified with Explanation</AuditorOpinion>
<Source Date="2017-06-28">ARS</Source>
</FPHeader>
<lineItem coaCode="ACSH">123570.000000</lineItem>
<lineItem coaCode="ASTI">575000.000000</lineItem>
<lineItem coaCode="SCSI">698570.000000</lineItem>
<lineItem coaCode="AACR">55330.000000</lineItem>
<lineItem coaCode="ATRC">116540.000000</lineItem>
<lineItem coaCode="AITL">532440.000000</lineItem>
<lineItem coaCode="SOCA">27940.000000</lineItem>
<lineItem coaCode="ATCA">1375490.000000</lineItem>
<lineItem coaCode="APTC">1024360.000000</lineItem>
<lineItem coaCode="APPN">2482690.000000</lineItem>
<lineItem coaCode="AGWI">34710.000000</lineItem>
<lineItem coaCode="AINT">589260.000000</lineItem>
<lineItem coaCode="SINV">289510.000000</lineItem>
<lineItem coaCode="ALTR">140400.000000</lineItem>
<lineItem coaCode="SOLA">48120.000000</lineItem>
<lineItem coaCode="ATOT">4960180.000000</lineItem>
<lineItem coaCode="LAPB">585480.000000</lineItem>
<lineItem coaCode="LAEX">9270.000000</lineItem>
<lineItem coaCode="LSTD">276450.000000</lineItem>
<lineItem coaCode="LCLD">122570.000000</lineItem>
<lineItem coaCode="SOCL">350040.000000</lineItem>
<lineItem coaCode="LTCL">1343810.000000</lineItem>
<lineItem coaCode="LLTD">1219920.000000</lineItem>
<lineItem coaCode="LCLO">90.000000</lineItem>
<lineItem coaCode="LTTD">1220010.000000</lineItem>
<lineItem coaCode="STLD">1619030.000000</lineItem>
<lineItem coaCode="SBDT">192040.000000</lineItem>
<lineItem coaCode="LMIN">33130.000000</lineItem>
<lineItem coaCode="SLTL">83990.000000</lineItem>
<lineItem coaCode="LTLL">2872980.000000</lineItem>
<lineItem coaCode="SCMS">29430.000000</lineItem>
<lineItem coaCode="QPIC">427080.000000</lineItem>
<lineItem coaCode="QRED">1582330.000000</lineItem>
<lineItem coaCode="QUGL">8270.000000</lineItem>
<lineItem coaCode="SOTE">40090.000000</lineItem>
<lineItem coaCode="QTLE">2087200.000000</lineItem>
<lineItem coaCode="QTEL">4960180.000000</lineItem>
<lineItem coaCode="QTCO">5886.668280</lineItem>
<lineItem coaCode="STBP">248.566750</lineItem>
</Statement>
<Statement Type="CAS">
<FPHeader>
<PeriodLength>12</PeriodLength>
<periodType Code="M">Months</periodType>
<UpdateType Code="UPD">Updated Normal</UpdateType>
<StatementDate>2015-03-31</StatementDate>
<AuditorName Code="CHSH">Chaturvedi &amp; Shah</AuditorName>
<AuditorOpinion Code="UNQ">Unqualified</AuditorOpinion>
<Source Date="2015-05-25">ARS</Source>
</FPHeader>
<lineItem coaCode="ONET">311140.000000</lineItem>
<lineItem coaCode="SDED">115470.000000</lineItem>
<lineItem coaCode="SNCI">-36670.000000</lineItem>
<lineItem coaCode="SCTP">64350.000000</lineItem>
<lineItem coaCode="SCIP">61490.000000</lineItem>
<lineItem coaCode="SOCF">-46200.000000</lineItem>
<lineItem coaCode="OTLO">343740.000000</lineItem>
<lineItem coaCode="SCEX">-633640.000000</lineItem>
<lineItem coaCode="SICF">-15340.000000</lineItem>
<lineItem coaCode="ITLI">-648980.000000</lineItem>
<lineItem coaCode="SFCF">-60350.000000</lineItem>
<lineItem coaCode="FCDP">-32680.000000</lineItem>
<lineItem coaCode="FPSS">2430.000000</lineItem>
<lineItem coaCode="FPRD">175040.000000</lineItem>
<lineItem coaCode="FTLF">84440.000000</lineItem>
<lineItem coaCode="SNCC">-220800.000000</lineItem>
</Statement>
</FiscalPeriod>
<FiscalPeriod Type="Annual" EndDate="2014-03-31" FiscalYear="2014">
<Statement Type="INC">
<FPHeader>
<PeriodLength>12</PeriodLength>
<periodType Code="M">Months</periodType>
<UpdateType Code="CLA">Reclassified Normal</UpdateType>
<AccountingStd></AccountingStd>
<StatementDate>2015-03-31</StatementDate>
<AuditorName Code="CHSH">Chaturvedi &amp; Shah</AuditorName>
<AuditorOpinion Code="UNQ">Unqualified</AuditorOpinion>
<Source Date="2015-05-25">ARS</Source>
</FPHeader>
<lineItem coaCode="SREV">4344600.000000</lineItem>
<lineItem coaCode="RTLR">4344600.000000</lineItem>
<lineItem coaCode="SCOR">3813850.000000</lineItem>
<lineItem coaCode="SGRP">530750.000000</lineItem>
<lineItem coaCode="SSGA">181370.000000</lineItem>
<lineItem coaCode="SDPR">112010.000000</lineItem>
<lineItem coaCode="SUIE">30.000000</lineItem>
<lineItem coaCode="ETOE">4107260.000000</lineItem>
<lineItem coaCode="SOPI">237340.000000</lineItem>
<lineItem coaCode="SNIN">48330.000000</lineItem>
<lineItem coaCode="NGLA">-1360.000000</lineItem>
<lineItem coaCode="SONT">3320.000000</lineItem>
<lineItem coaCode="EIBT">287630.000000</lineItem>
<lineItem coaCode="TTAX">62150.000000</lineItem>
<lineItem coaCode="TIAT">225480.000000</lineItem>
<lineItem coaCode="CMIN">-550.000000</lineItem>
<lineItem coaCode="NIBX">224930.000000</lineItem>
<lineItem coaCode="NINC">224930.000000</lineItem>
<lineItem coaCode="CIAC">224930.000000</lineItem>
<lineItem coaCode="XNIC">224930.000000</lineItem>
<lineItem coaCode="SDNI">224930.000000</lineItem>
<lineItem coaCode="SDWS">5876.516380</lineItem>
<lineItem coaCode="SDBF">38.276080</lineItem>
<lineItem coaCode="DDPS1">4.750000</lineItem>
<lineItem coaCode="VDES">38.461500</lineItem>
</Statement>
<Statement Type="BAL">
<FPHeader>
<UpdateType Code="CLA">Reclassified Normal</UpdateType>
<StatementDate>2015-03-31</StatementDate>
<AuditorName Code="CHSH">Chaturvedi &amp; Shah</AuditorName>
<AuditorOpinion Code="UNQ">Unqualified</AuditorOpinion>
<Source Date="2015-05-25">ARS</Source>
</FPHeader>
<lineItem coaCode="ACSH">13180.000000</lineItem>
<lineItem coaCode="ASTI">666020.000000</lineItem>
<lineItem coaCode="SCSI">679200.000000</lineItem>
<lineItem coaCode="AACR">99460.000000</lineItem>
<lineItem coaCode="ATRC">199110.000000</lineItem>
<lineItem coaCode="AITL">567200.000000</lineItem>
<lineItem coaCode="SOCA">65180.000000</lineItem>
<lineItem coaCode="ATCA">1510690.000000</lineItem>
<lineItem coaCode="APTC">2340130.000000</lineItem>
<lineItem coaCode="ADEP">-881670.000000</lineItem>
<lineItem coaCode="APPN">1458460.000000</lineItem>
<lineItem coaCode="AGWI">0.000000</lineItem>
<lineItem coaCode="AINT">870650.000000</lineItem>
<lineItem coaCode="SINV">268670.000000</lineItem>
<lineItem coaCode="ALTR">169880.000000</lineItem>
<lineItem coaCode="SOLA">10080.000000</lineItem>
<lineItem coaCode="ATOT">4288430.000000</lineItem>
<lineItem coaCode="LAPB">608600.000000</lineItem>
<lineItem coaCode="LAEX">8560.000000</lineItem>
<lineItem coaCode="LSTD">327930.000000</lineItem>
<lineItem coaCode="LCLD">49470.000000</lineItem>
<lineItem coaCode="SOCL">157000.000000</lineItem>
<lineItem coaCode="LTCL">1151560.000000</lineItem>
<lineItem coaCode="LLTD">1009950.000000</lineItem>
<lineItem coaCode="LCLO">210.000000</lineItem>
<lineItem coaCode="LTTD">1010160.000000</lineItem>
<lineItem coaCode="STLD">1387560.000000</lineItem>
<lineItem coaCode="SBDT">119250.000000</lineItem>
<lineItem coaCode="LMIN">9590.000000</lineItem>
<lineItem coaCode="SLTL">11000.000000</lineItem>
<lineItem coaCode="LTLL">2301560.000000</lineItem>
<lineItem coaCode="SCMS">29400.000000</lineItem>
<lineItem coaCode="QPIC">424480.000000</lineItem>
<lineItem coaCode="QRED">1506480.000000</lineItem>
<lineItem coaCode="QUGL">8480.000000</lineItem>
<lineItem coaCode="SOTE">18030.000000</lineItem>
<lineItem coaCode="QTLE">1986870.000000</lineItem>
<lineItem coaCode="QTEL">4288430.000000</lineItem>
<lineItem coaCode="QTCO">5879.094460</lineItem>
<lineItem coaCode="STBP">189.862570</lineItem>
</Statement>
<Statement Type="CAS">
<FPHeader>
<PeriodLength>12</PeriodLength>
<periodType Code="M">Months</periodType>
<UpdateType Code="UPD">Updated Normal</UpdateType>
<StatementDate>2014-03-31</StatementDate>
<AuditorName Code="CHSH">Chaturvedi &amp; Shah</AuditorName>
<AuditorOpinion Code="UNQ">Unqualified</AuditorOpinion>
<Source Date="2014-05-22">ARS</Source>
</FPHeader>
<lineItem coaCode="ONET">287630.000000</lineItem>
<lineItem coaCode="SDED">112010.000000</lineItem>
<lineItem coaCode="SNCI">-15200.000000</lineItem>
<lineItem coaCode="SCTP">62130.000000</lineItem>
<lineItem coaCode="SCIP">56190.000000</lineItem>
<lineItem coaCode="SOCF">48170.000000</lineItem>
<lineItem coaCode="OTLO">432610.000000</lineItem>
<lineItem coaCode="SCEX">-600870.000000</lineItem>
<lineItem coaCode="SICF">-129830.000000</lineItem>
<lineItem coaCode="ITLI">-730700.000000</lineItem>
<lineItem coaCode="SFCF">-56810.000000</lineItem>
<lineItem coaCode="FCDP">-31230.000000</lineItem>
<lineItem coaCode="FPSS">2000.000000</lineItem>
<lineItem coaCode="FPRD">223170.000000</lineItem>
<lineItem coaCode="FTLF">137130.000000</lineItem>
<lineItem coaCode="SNCC">-160960.000000</lineItem>
</Statement>
</FiscalPeriod>
<FiscalPeriod Type="Annual" EndDate="2013-03-31" FiscalYear="2013">
<Statement Type="INC">
<FPHeader>
<PeriodLength>12</PeriodLength>
<periodType Code="M">Months</periodType>
<UpdateType Code="UPD">Updated Normal</UpdateType>
<AccountingStd></AccountingStd>
<StatementDate>2013-03-31</StatementDate>
<AuditorName Code="CHSH">Chaturvedi &amp; Shah</AuditorName>
<AuditorOpinion Code="UNQ">Unqualified</AuditorOpinion>
<Source Date="2013-05-17">ARS</Source>
</FPHeader>
<lineItem coaCode="SREV">3970620.000000</lineItem>
<lineItem coaCode="RTLR">3970620.000000</lineItem>
<lineItem coaCode="SCOR">3470190.000000</lineItem>
<lineItem coaCode="SGRP">500430.000000</lineItem>
<lineItem coaCode="SSGA">168880.000000</lineItem>
<lineItem coaCode="SDPR">133930.000000</lineItem>
<lineItem coaCode="SUIE">-21610.000000</lineItem>
<lineItem coaCode="ETOE">3751390.000000</lineItem>
<lineItem coaCode="SOPI">219230.000000</lineItem>
<lineItem coaCode="SNIN">43400.000000</lineItem>
<lineItem coaCode="NGLA">-1100.000000</lineItem>
<lineItem coaCode="SONT">640.000000</lineItem>
<lineItem coaCode="EIBT">262170.000000</lineItem>
<lineItem coaCode="TTAX">53310.000000</lineItem>
<lineItem coaCode="TIAT">208860.000000</lineItem>
<lineItem coaCode="CMIN">-70.000000</lineItem>
<lineItem coaCode="NIBX">208790.000000</lineItem>
<lineItem coaCode="NINC">208790.000000</lineItem>
<lineItem coaCode="SANI">-540.000000</lineItem>
<lineItem coaCode="CIAC">208250.000000</lineItem>
<lineItem coaCode="XNIC">208250.000000</lineItem>
<lineItem coaCode="SDNI">208250.000000</lineItem>
<lineItem coaCode="SDWS">5895.219710</lineItem>
<lineItem coaCode="SDBF">35.325230</lineItem>
<lineItem coaCode="DDPS1">4.500000</lineItem>
<lineItem coaCode="VDES">32.553580</lineItem>
</Statement>
<Statement Type="BAL">
<FPHeader>
<UpdateType Code="UPD">Updated Normal</UpdateType>
<StatementDate>2013-03-31</StatementDate>
<AuditorName Code="CHSH">Chaturvedi &amp; Shah</AuditorName>
<AuditorOpinion Code="UNQ">Unqualified</AuditorOpinion>
<Source Date="2013-05-17">ARS</Source>
</FPHeader>
<lineItem coaCode="ACSH">11120.000000</lineItem>
<lineItem coaCode="ASTI">780610.000000</lineItem>
<lineItem coaCode="SCSI">791730.000000</lineItem>
<lineItem coaCode="AACR">97500.000000</lineItem>
<lineItem coaCode="ATRC">202050.000000</lineItem>
<lineItem coaCode="AITL">546010.000000</lineItem>
<lineItem coaCode="SOCA">19350.000000</lineItem>
<lineItem coaCode="ATCA">1559140.000000</lineItem>
<lineItem coaCode="APTC">1962410.000000</lineItem>
<lineItem coaCode="ADEP">-803350.000000</lineItem>
<lineItem coaCode="APPN">1159060.000000</lineItem>
<lineItem coaCode="AINT">675330.000000</lineItem>
<lineItem coaCode="SINV">139790.000000</lineItem>
<lineItem coaCode="ALTR">83320.000000</lineItem>
<lineItem coaCode="SOLA">6930.000000</lineItem>
<lineItem coaCode="ATOT">3623570.000000</lineItem>
<lineItem coaCode="LAPB">497000.000000</lineItem>
<lineItem coaCode="LAEX">8840.000000</lineItem>
<lineItem coaCode="LSTD">183630.000000</lineItem>
<lineItem coaCode="LCLD">178970.000000</lineItem>
<lineItem coaCode="SOCL">94300.000000</lineItem>
<lineItem coaCode="LTCL">962740.000000</lineItem>
<lineItem coaCode="LLTD">709220.000000</lineItem>
<lineItem coaCode="LCLO">320.000000</lineItem>
<lineItem coaCode="LTTD">709540.000000</lineItem>
<lineItem coaCode="STLD">1072140.000000</lineItem>
<lineItem coaCode="SBDT">115880.000000</lineItem>
<lineItem coaCode="LMIN">9490.000000</lineItem>
<lineItem coaCode="SLTL">5370.000000</lineItem>
<lineItem coaCode="LTLL">1803020.000000</lineItem>
<lineItem coaCode="SCMS">29360.000000</lineItem>
<lineItem coaCode="QPIC">422510.000000</lineItem>
<lineItem coaCode="QRED">1341100.000000</lineItem>
<lineItem coaCode="QUGL">16610.000000</lineItem>
<lineItem coaCode="SOTE">10970.000000</lineItem>
<lineItem coaCode="QTLE">1820550.000000</lineItem>
<lineItem coaCode="QTEL">3623570.000000</lineItem>
<lineItem coaCode="QTCO">5872.617510</lineItem>
<lineItem coaCode="STBP">195.010150</lineItem>
</Statement>
<Statement Type="CAS">
<FPHeader>
<PeriodLength>12</PeriodLength>
<periodType Code="M">Months</periodType>
<UpdateType Code="RES">Restated Normal</UpdateType>
<StatementDate>2014-03-31</StatementDate>
<AuditorName Code="CHSH">Chaturvedi &amp; Shah</AuditorName>
<AuditorOpinion Code="UNQ">Unqualified</AuditorOpinion>
<Source Date="2014-05-22">ARS</Source>
</FPHeader>
<lineItem coaCode="ONET">262170.000000</lineItem>
<lineItem coaCode="SDED">112320.000000</lineItem>
<lineItem coaCode="SNCI">-30790.000000</lineItem>
<lineItem coaCode="SCTP">48240.000000</lineItem>
<lineItem coaCode="SCIP">46260.000000</lineItem>
<lineItem coaCode="SOCF">25480.000000</lineItem>
<lineItem coaCode="OTLO">369180.000000</lineItem>
<lineItem coaCode="SCEX">-307260.000000</lineItem>
<lineItem coaCode="SICF">30760.000000</lineItem>
<lineItem coaCode="ITLI">-276500.000000</lineItem>
<lineItem coaCode="SFCF">-42470.000000</lineItem>
<lineItem coaCode="FCDP">-29490.000000</lineItem>
<lineItem coaCode="FPSS">-30500.000000</lineItem>
<lineItem coaCode="FPRD">106540.000000</lineItem>
<lineItem coaCode="FTLF">4080.000000</lineItem>
<lineItem coaCode="SNCC">96760.000000</lineItem>
</Statement>
</FiscalPeriod>
<FiscalPeriod Type="Annual" EndDate="2012-03-31" FiscalYear="2012">
<Statement Type="INC">
<FPHeader>
<PeriodLength>12</PeriodLength>
<periodType Code="M">Months</periodType>
<UpdateType Code="CLA">Reclassified Normal</UpdateType>
<AccountingStd></AccountingStd>
<StatementDate>2013-03-31</StatementDate>
<AuditorName Code="CHSH">Chaturvedi &amp; Shah</AuditorName>
<AuditorOpinion Code="UNQ">Unqualified</AuditorOpinion>
<Source Date="2013-05-17">ARS</Source>
</FPHeader>
<lineItem coaCode="SREV">3585010.000000</lineItem>
<lineItem coaCode="RTLR">3585010.000000</lineItem>
<lineItem coaCode="SCOR">3099230.000000</lineItem>
<lineItem coaCode="SGRP">485780.000000</lineItem>
<lineItem coaCode="SSGA">137060.000000</lineItem>
<lineItem coaCode="SDPR">148270.000000</lineItem>
<lineItem coaCode="SUIE">-21170.000000</lineItem>
<lineItem coaCode="ETOE">3363390.000000</lineItem>
<lineItem coaCode="SOPI">221620.000000</lineItem>
<lineItem coaCode="SNIN">30930.000000</lineItem>
<lineItem coaCode="NGLA">-550.000000</lineItem>
<lineItem coaCode="SONT">2080.000000</lineItem>
<lineItem coaCode="EIBT">254080.000000</lineItem>
<lineItem coaCode="TTAX">56910.000000</lineItem>
<lineItem coaCode="TIAT">197170.000000</lineItem>
<lineItem coaCode="CMIN">70.000000</lineItem>
<lineItem coaCode="NIBX">197240.000000</lineItem>
<lineItem coaCode="NINC">197240.000000</lineItem>
<lineItem coaCode="SANI">0.000000</lineItem>
<lineItem coaCode="CIAC">197240.000000</lineItem>
<lineItem coaCode="XNIC">197240.000000</lineItem>
<lineItem coaCode="SDNI">197240.000000</lineItem>
<lineItem coaCode="SDWS">5963.743230</lineItem>
<lineItem coaCode="SDBF">33.073190</lineItem>
<lineItem coaCode="DDPS1">4.250000</lineItem>
<lineItem coaCode="VDES">30.390070</lineItem>
</Statement>
<Statement Type="BAL">
<FPHeader>
<UpdateType Code="UPD">Updated Normal</UpdateType>
<StatementDate>2012-03-31</StatementDate>
<AuditorName Code="CHSH">Chaturvedi &amp; Shah</AuditorName>
<AuditorOpinion Code="UNQ">Unqualified</AuditorOpinion>
<Source Date="2012-05-08">ARS</Source>
</FPHeader>
<lineItem coaCode="ACSH">13170.000000</lineItem>
<lineItem coaCode="ASTI">664580.000000</lineItem>
<lineItem coaCode="SCSI">677750.000000</lineItem>
<lineItem coaCode="AACR">169390.000000</lineItem>
<lineItem coaCode="ATRC">266930.000000</lineItem>
<lineItem coaCode="AITL">466920.000000</lineItem>
<lineItem coaCode="SOCA">36890.000000</lineItem>
<lineItem coaCode="ATCA">1448490.000000</lineItem>
<lineItem coaCode="APTC">1812570.000000</lineItem>
<lineItem coaCode="ADEP">-715930.000000</lineItem>
<lineItem coaCode="APPN">1096640.000000</lineItem>
<lineItem coaCode="AINT">545130.000000</lineItem>
<lineItem coaCode="SINV">114230.000000</lineItem>
<lineItem coaCode="ALTR">54120.000000</lineItem>
<lineItem coaCode="SOLA">13300.000000</lineItem>
<lineItem coaCode="ATOT">3271910.000000</lineItem>
<lineItem coaCode="LAPB">403680.000000</lineItem>
<lineItem coaCode="LAEX">7580.000000</lineItem>
<lineItem coaCode="LSTD">172840.000000</lineItem>
<lineItem coaCode="LCLD">98120.000000</lineItem>
<lineItem coaCode="SOCL">113850.000000</lineItem>
<lineItem coaCode="LTCL">796070.000000</lineItem>
<lineItem coaCode="LLTD">653050.000000</lineItem>
<lineItem coaCode="LCLO">380.000000</lineItem>
<lineItem coaCode="LTTD">653430.000000</lineItem>
<lineItem coaCode="STLD">924390.000000</lineItem>
<lineItem coaCode="SBDT">115670.000000</lineItem>
<lineItem coaCode="LMIN">7990.000000</lineItem>
<lineItem coaCode="SLTL">4300.000000</lineItem>
<lineItem coaCode="LTLL">1577460.000000</lineItem>
<lineItem coaCode="SCMS">29790.000000</lineItem>
<lineItem coaCode="QPIC">452580.000000</lineItem>
<lineItem coaCode="QRED">1163990.000000</lineItem>
<lineItem coaCode="QUGL">37400.000000</lineItem>
<lineItem coaCode="SOTE">10690.000000</lineItem>
<lineItem coaCode="QTLE">1694450.000000</lineItem>
<lineItem coaCode="QTEL">3271910.000000</lineItem>
<lineItem coaCode="QTCO">5957.409430</lineItem>
<lineItem coaCode="STBP">192.922780</lineItem>
</Statement>
<Statement Type="CAS">
<FPHeader>
<PeriodLength>12</PeriodLength>
<periodType Code="M">Months</periodType>
<UpdateType Code="UPD">Updated Normal</UpdateType>
<StatementDate>2012-03-31</StatementDate>
<AuditorName Code="CHSH">Chaturvedi &amp; Shah</AuditorName>
<AuditorOpinion Code="UNQ">Unqualified</AuditorOpinion>
<Source Date="2012-05-08">ARS</Source>
</FPHeader>
<lineItem coaCode="ONET">254080.000000</lineItem>
<lineItem coaCode="SDED">148270.000000</lineItem>
<lineItem coaCode="SNCI">-41320.000000</lineItem>
<lineItem coaCode="SCTP">48810.000000</lineItem>
<lineItem coaCode="SCIP">35850.000000</lineItem>
<lineItem coaCode="SOCF">-116200.000000</lineItem>
<lineItem coaCode="OTLO">244830.000000</lineItem>
<lineItem coaCode="SCEX">-163810.000000</lineItem>
<lineItem coaCode="SICF">100800.000000</lineItem>
<lineItem coaCode="ITLI">-63010.000000</lineItem>
<lineItem coaCode="SFCF">-35780.000000</lineItem>
<lineItem coaCode="FCDP">-27720.000000</lineItem>
<lineItem coaCode="FPSS">-1920.000000</lineItem>
<lineItem coaCode="FPRD">-10480.000000</lineItem>
<lineItem coaCode="FTLF">-75900.000000</lineItem>
<lineItem coaCode="SNCC">105920.000000</lineItem>
</Statement>
</FiscalPeriod>
</AnnualPeriods>
<InterimPeriods>
<FiscalPeriod Type="Interim" EndDate="2017-12-31" FiscalYear="2018" FiscalPeriodNumber="3">
<Statement Type="INC">
<FPHeader>
<PeriodLength>3</PeriodLength>
<periodType Code="M">Months</periodType>
<UpdateType Code="UPD">Updated Normal</UpdateType>
<AccountingStd></AccountingStd>
<StatementDate>2017-12-31</StatementDate>
<Source Date="2018-01-19">Interim Report</Source>
</FPHeader>
<lineItem coaCode="SREV">1025000.000000</lineItem>
<lineItem coaCode="RTLR">1025000.000000</lineItem>
<lineItem coaCode="SCOR">684100.000000</lineItem>
<lineItem coaCode="SGRP">340900.000000</lineItem>
<lineItem coaCode="SSGA">23330.000000</lineItem>
<lineItem coaCode="SDPR">45300.000000</lineItem>
<lineItem coaCode="SUIE">0.000000</lineItem>
<lineItem coaCode="SOOE">141690.000000</lineItem>
<lineItem coaCode="ETOE">894420.000000</lineItem>
<lineItem coaCode="SOPI">130580.000000</lineItem>
<lineItem coaCode="SNIN">-20560.000000</lineItem>
<lineItem coaCode="SONT">22180.000000</lineItem>
<lineItem coaCode="EIBT">132200.000000</lineItem>
<lineItem coaCode="TTAX">37750.000000</lineItem>
<lineItem coaCode="TIAT">94450.000000</lineItem>
<lineItem coaCode="CMIN">-220.000000</lineItem>
<lineItem coaCode="NIBX">94230.000000</lineItem>
<lineItem coaCode="NINC">94230.000000</lineItem>
<lineItem coaCode="CIAC">94230.000000</lineItem>
<lineItem coaCode="XNIC">94230.000000</lineItem>
<lineItem coaCode="SDNI">94230.000000</lineItem>
<lineItem coaCode="SDWS">5904.135340</lineItem>
<lineItem coaCode="SDBF">15.960000</lineItem>
<lineItem coaCode="DDPS1">0.000000</lineItem>
<lineItem coaCode="VDES">15.960000</lineItem>
</Statement>
</FiscalPeriod>
<FiscalPeriod Type="Interim" EndDate="2017-09-30" FiscalYear="2018" FiscalPeriodNumber="2">
<Statement Type="INC">
<FPHeader>
<PeriodLength>3</PeriodLength>
<periodType Code="M">Months</periodType>
<UpdateType Code="UPD">Updated Normal</UpdateType>
<AccountingStd></AccountingStd>
<StatementDate>2017-09-30</StatementDate>
<Source Date="2017-10-13">Interim Report</Source>
</FPHeader>
<lineItem coaCode="SREV">950850.000000</lineItem>
<lineItem coaCode="RTLR">950850.000000</lineItem>
<lineItem coaCode="SCOR">649370.000000</lineItem>
<lineItem coaCode="SGRP">301480.000000</lineItem>
<lineItem coaCode="SSGA">22600.000000</lineItem>
<lineItem coaCode="SDPR">42870.000000</lineItem>
<lineItem coaCode="SUIE">0.000000</lineItem>
<lineItem coaCode="SOOE">123230.000000</lineItem>
<lineItem coaCode="ETOE">838070.000000</lineItem>
<lineItem coaCode="SOPI">112780.000000</lineItem>
<lineItem coaCode="SNIN">-22580.000000</lineItem>
<lineItem coaCode="SONT">23170.000000</lineItem>
<lineItem coaCode="EIBT">113370.000000</lineItem>
<lineItem coaCode="TTAX">32400.000000</lineItem>
<lineItem coaCode="TIAT">80970.000000</lineItem>
<lineItem coaCode="CMIN">120.000000</lineItem>
<lineItem coaCode="NIBX">81090.000000</lineItem>
<lineItem coaCode="NINC">81090.000000</lineItem>
<lineItem coaCode="CIAC">81090.000000</lineItem>
<lineItem coaCode="XNIC">81090.000000</lineItem>
<lineItem coaCode="SDNI">81090.000000</lineItem>
<lineItem coaCode="SDWS">5936.310400</lineItem>
<lineItem coaCode="SDBF">13.660000</lineItem>
<lineItem coaCode="DDPS1">0.000000</lineItem>
<lineItem coaCode="VDES">13.660000</lineItem>
</Statement>
<Statement Type="BAL">
<FPHeader>
<UpdateType Code="UPD">Updated Normal</UpdateType>
<StatementDate>2017-09-30</StatementDate>
<Source Date="2017-10-13">Interim Report</Source>
</FPHeader>
<lineItem coaCode="ACAE">19980.000000</lineItem>
<lineItem coaCode="ASTI">679100.000000</lineItem>
<lineItem coaCode="SCSI">699080.000000</lineItem>
<lineItem coaCode="AACR">113450.000000</lineItem>
<lineItem coaCode="ATRC">137700.000000</lineItem>
<lineItem coaCode="AITL">531290.000000</lineItem>
<lineItem coaCode="SOCA">249970.000000</lineItem>
<lineItem coaCode="ATCA">1618040.000000</lineItem>
<lineItem coaCode="APPN">4501000.000000</lineItem>
<lineItem coaCode="AGWI">46390.000000</lineItem>
<lineItem coaCode="AINT">1033050.000000</lineItem>
<lineItem coaCode="SINV">226240.000000</lineItem>
<lineItem coaCode="ALTR">31250.000000</lineItem>
<lineItem coaCode="SOLA">64270.000000</lineItem>
<lineItem coaCode="ATOT">7520240.000000</lineItem>
<lineItem coaCode="LAPB">846550.000000</lineItem>
<lineItem coaCode="LSTD">399040.000000</lineItem>
<lineItem coaCode="LCLD">1240320.000000</lineItem>
<lineItem coaCode="SOCL">290450.000000</lineItem>
<lineItem coaCode="LTCL">2776360.000000</lineItem>
<lineItem coaCode="LLTD">1502900.000000</lineItem>
<lineItem coaCode="LTTD">1502900.000000</lineItem>
<lineItem coaCode="STLD">3142260.000000</lineItem>
<lineItem coaCode="SBDT">223110.000000</lineItem>
<lineItem coaCode="LMIN">27230.000000</lineItem>
<lineItem coaCode="SLTL">227550.000000</lineItem>
<lineItem coaCode="LTLL">4757150.000000</lineItem>
<lineItem coaCode="SCMS">59200.000000</lineItem>
<lineItem coaCode="QRED">2703890.000000</lineItem>
<lineItem coaCode="QTLE">2763090.000000</lineItem>
<lineItem coaCode="QTEL">7520240.000000</lineItem>
<lineItem coaCode="QTCO">6332.551300</lineItem>
<lineItem coaCode="STBP">265.872300</lineItem>
</Statement>
</FiscalPeriod>
<FiscalPeriod Type="Interim" EndDate="2017-06-30" FiscalYear="2018" FiscalPeriodNumber="1">
<Statement Type="INC">
<FPHeader>
<PeriodLength>3</PeriodLength>
<periodType Code="M">Months</periodType>
<UpdateType Code="UPD">Updated Normal</UpdateType>
<AccountingStd></AccountingStd>
<StatementDate>2017-06-30</StatementDate>
<Source Date="2017-07-20">Interim Report</Source>
</FPHeader>
<lineItem coaCode="SREV">905370.000000</lineItem>
<lineItem coaCode="RTLR">905370.000000</lineItem>
<lineItem coaCode="SCOR">651960.000000</lineItem>
<lineItem coaCode="SGRP">253410.000000</lineItem>
<lineItem coaCode="SSGA">24550.000000</lineItem>
<lineItem coaCode="SDPR">30370.000000</lineItem>
<lineItem coaCode="SUIE">-10870.000000</lineItem>
<lineItem coaCode="SOOE">103320.000000</lineItem>
<lineItem coaCode="ETOE">799330.000000</lineItem>
<lineItem coaCode="SOPI">106040.000000</lineItem>
<lineItem coaCode="SNIN">-11050.000000</lineItem>
<lineItem coaCode="SONT">21240.000000</lineItem>
<lineItem coaCode="EIBT">116230.000000</lineItem>
<lineItem coaCode="TTAX">25440.000000</lineItem>
<lineItem coaCode="TIAT">90790.000000</lineItem>
<lineItem coaCode="CMIN">290.000000</lineItem>
<lineItem coaCode="NIBX">91080.000000</lineItem>
<lineItem coaCode="NINC">91080.000000</lineItem>
<lineItem coaCode="CIAC">91080.000000</lineItem>
<lineItem coaCode="XNIC">91080.000000</lineItem>
<lineItem coaCode="SDNI">91080.000000</lineItem>
<lineItem coaCode="SDWS">5921.976590</lineItem>
<lineItem coaCode="SDBF">15.380000</lineItem>
<lineItem coaCode="DDPS1">0.000000</lineItem>
<lineItem coaCode="VDES">13.946220</lineItem>
</Statement>
</FiscalPeriod>
<FiscalPeriod Type="Interim" EndDate="2017-03-31" FiscalYear="2017" FiscalPeriodNumber="4">
<Statement Type="INC">
<FPHeader>
<PeriodLength>3</PeriodLength>
<periodType Code="M">Months</periodType>
<UpdateType Code="RES">Restated Normal</UpdateType>
<AccountingStd></AccountingStd>
<StatementDate>2017-06-30</StatementDate>
<Source Date="2017-07-20">Interim Report</Source>
</FPHeader>
<lineItem coaCode="SREV">928890.000000</lineItem>
<lineItem coaCode="RTLR">928890.000000</lineItem>
<lineItem coaCode="SCOR">676970.000000</lineItem>
<lineItem coaCode="SGRP">251920.000000</lineItem>
<lineItem coaCode="SSGA">23660.000000</lineItem>
<lineItem coaCode="SDPR">33540.000000</lineItem>
<lineItem coaCode="SUIE">0.000000</lineItem>
<lineItem coaCode="SOOE">105930.000000</lineItem>
<lineItem coaCode="ETOE">840100.000000</lineItem>
<lineItem coaCode="SOPI">88790.000000</lineItem>
<lineItem coaCode="SNIN">-5610.000000</lineItem>
<lineItem coaCode="SONT">19360.000000</lineItem>
<lineItem coaCode="EIBT">102540.000000</lineItem>
<lineItem coaCode="TTAX">22010.000000</lineItem>
<lineItem coaCode="TIAT">80530.000000</lineItem>
<lineItem coaCode="CMIN">-70.000000</lineItem>
<lineItem coaCode="NIBX">80460.000000</lineItem>
<lineItem coaCode="NINC">80460.000000</lineItem>
<lineItem coaCode="CIAC">80460.000000</lineItem>
<lineItem coaCode="XNIC">80460.000000</lineItem>
<lineItem coaCode="SDNI">80460.000000</lineItem>
<lineItem coaCode="SDWS">5911.829540</lineItem>
<lineItem coaCode="SDBF">13.610000</lineItem>
<lineItem coaCode="DDPS1">5.500000</lineItem>
<lineItem coaCode="VDES">13.610000</lineItem>
</Statement>
<Statement Type="BAL">
<FPHeader>
<UpdateType Code="UPD">Updated Normal</UpdateType>
<StatementDate>2017-03-31</StatementDate>
<AuditorName Code="CHSH">Chaturvedi &amp; Shah</AuditorName>
<AuditorOpinion Code="UWE">Unqualified with Explanation</AuditorOpinion>
<Source Date="2017-06-28">ARS</Source>
</FPHeader>
<lineItem coaCode="ACAE">30230.000000</lineItem>
<lineItem coaCode="ASTI">612860.000000</lineItem>
<lineItem coaCode="SCSI">643090.000000</lineItem>
<lineItem coaCode="AACR">81770.000000</lineItem>
<lineItem coaCode="ATRC">91730.000000</lineItem>
<lineItem coaCode="AITL">534600.000000</lineItem>
<lineItem coaCode="SOCA">198710.000000</lineItem>
<lineItem coaCode="ATCA">1468130.000000</lineItem>
<lineItem coaCode="APPN">4177510.000000</lineItem>
<lineItem coaCode="AGWI">48920.000000</lineItem>
<lineItem coaCode="AINT">1007200.000000</lineItem>
<lineItem coaCode="SINV">256390.000000</lineItem>
<lineItem coaCode="ALTR">27080.000000</lineItem>
<lineItem coaCode="SOLA">82790.000000</lineItem>
<lineItem coaCode="ATOT">7068020.000000</lineItem>
<lineItem coaCode="LAPB">765950.000000</lineItem>
<lineItem coaCode="LSTD">315280.000000</lineItem>
<lineItem coaCode="LCLD">1045430.000000</lineItem>
<lineItem coaCode="SOCL">226510.000000</lineItem>
<lineItem coaCode="LTCL">2353170.000000</lineItem>
<lineItem coaCode="LLTD">1611730.000000</lineItem>
<lineItem coaCode="LTTD">1611730.000000</lineItem>
<lineItem coaCode="STLD">2972440.000000</lineItem>
<lineItem coaCode="SBDT">211980.000000</lineItem>
<lineItem coaCode="LMIN">29170.000000</lineItem>
<lineItem coaCode="SLTL">224880.000000</lineItem>
<lineItem coaCode="LTLL">4430930.000000</lineItem>
<lineItem coaCode="SCMS">29590.000000</lineItem>
<lineItem coaCode="QRED">2607500.000000</lineItem>
<lineItem coaCode="QTLE">2637090.000000</lineItem>
<lineItem coaCode="QTEL">7068020.000000</lineItem>
<lineItem coaCode="QTCO">5917.848550</lineItem>
<lineItem coaCode="STBP">267.152830</lineItem>
</Statement>
</FiscalPeriod>
<FiscalPeriod Type="Interim" EndDate="2016-12-31" FiscalYear="2017" FiscalPeriodNumber="3">
<Statement Type="INC">
<FPHeader>
<PeriodLength>3</PeriodLength>
<periodType Code="M">Months</periodType>
<UpdateType Code="RES">Restated Normal</UpdateType>
<AccountingStd></AccountingStd>
<StatementDate>2017-12-31</StatementDate>
<Source Date="2018-01-19">Interim Report</Source>
</FPHeader>
<lineItem coaCode="SREV">841890.000000</lineItem>
<lineItem coaCode="RTLR">841890.000000</lineItem>
<lineItem coaCode="SCOR">604850.000000</lineItem>
<lineItem coaCode="SGRP">237040.000000</lineItem>
<lineItem coaCode="SSGA">18940.000000</lineItem>
<lineItem coaCode="SDPR">27930.000000</lineItem>
<lineItem coaCode="SUIE">0.000000</lineItem>
<lineItem coaCode="SOOE">102360.000000</lineItem>
<lineItem coaCode="ETOE">754080.000000</lineItem>
<lineItem coaCode="SOPI">87810.000000</lineItem>
<lineItem coaCode="SNIN">-12770.000000</lineItem>
<lineItem coaCode="SONT">27360.000000</lineItem>
<lineItem coaCode="EIBT">102400.000000</lineItem>
<lineItem coaCode="TTAX">27160.000000</lineItem>
<lineItem coaCode="TIAT">75240.000000</lineItem>
<lineItem coaCode="CMIN">90.000000</lineItem>
<lineItem coaCode="NIBX">75330.000000</lineItem>
<lineItem coaCode="NINC">75330.000000</lineItem>
<lineItem coaCode="CIAC">75330.000000</lineItem>
<lineItem coaCode="XNIC">75330.000000</lineItem>
<lineItem coaCode="SDNI">75330.000000</lineItem>
<lineItem coaCode="SDWS">5912.872840</lineItem>
<lineItem coaCode="SDBF">12.740000</lineItem>
<lineItem coaCode="DDPS1">0.000000</lineItem>
<lineItem coaCode="VDES">12.740000</lineItem>
</Statement>
</FiscalPeriod>
</InterimPeriods>
</FinancialStatements>
</ReportFinancialStatements>
