<?xml version="1.0" encoding="UTF-8"?>
<ReportSnapshot Major="1" Minor="0" Revision="1">
	<CoIDs>
		<CoID Type="RepNo">05680</CoID>
		<CoID Type="CompanyName">Apple Inc.</CoID>
		<CoID Type="IRSNo">942404110</CoID>
		<CoID Type="CIKNo">0000320193</CoID>
	</CoIDs>
	<Issues>
		<Issue ID="1" Type="C" Desc="Common Stock" Order="1">
			<IssueID Type="Name">Ordinary Shares</IssueID>
			<IssueID Type="Ticker">AAPL</IssueID>
			<IssueID Type="CUSIP">037833100</IssueID>
			<IssueID Type="ISIN">US0378331005</IssueID>
			<IssueID Type="RIC">AAPL.O</IssueID>
			<IssueID Type="SEDOL">2046251</IssueID>
			<IssueID Type="DisplayRIC">AAPL.OQ</IssueID>
			<IssueID Type="InstrumentPI">331724</IssueID>
			<IssueID Type="QuotePI">7645713</IssueID>
			<Exchange Code="NASD" Country="USA">NASDAQ</Exchange>
			<MostRecentSplit Date="2014-06-09">7.0</MostRecentSplit>
		</Issue>
		<Issue ID="2" Type="P" Desc="Preferred Stock" Order="1">
			<IssueID Type="Name">Preference Shares</IssueID>
			<IssueID Type="InstrumentPI">100112850</IssueID>
			<Exchange Code="NA" Country="">Not Available</Exchange>
		</Issue>
	</Issues>
	<CoGeneralInfo>
		<CoStatus Code="1">Active</CoStatus>
		<CoType Code="EQU">Equity Issue</CoType>
		<LastModified>2018-02-05</LastModified>
		<LatestAvailableAnnual>2017-09-30</LatestAvailableAnnual>
		<LatestAvailableInterim>2017-12-30</LatestAvailableInterim>
		<Employees LastUpdated="2017-09-30">123000</Employees>
		<SharesOut Date="2018-01-19" TotalFloat="5070229774.0">5074013000.0</SharesOut>
		<CommonShareholders Date="2017-09-30">25333</CommonShareholders>
		<ReportingCurrency Code="USD">U.S. Dollars</ReportingCurrency>
		<MostRecentExchange Date="2018-02-12">1.0</MostRecentExchange>
	</CoGeneralInfo>
	<TextInfo>
		<Text Type="Business Summary" lastModified="2016-11-06T22:45:02">Apple Inc. designs, manufactures and markets mobile communication and media devices, personal computers and portable digital music players. The Company sells a range of related software, services, accessories, networking solutions, and third-party digital content and applications. The Company's segments include the Americas, Europe, Greater China, Japan and Rest of Asia Pacific. The Americas segment includes both North and South America. The Europe segment includes European countries, India, the Middle East and Africa. The Greater China segment includes China, Hong Kong and Taiwan. The Rest of Asia Pacific segment includes Australia and the Asian countries not included in the Company's other operating segments. Its products and services include iPhone, iPad, Mac, iPod, Apple Watch, Apple TV, a portfolio of consumer and professional software applications, iPhone OS (iOS), OS X and watchOS operating systems, iCloud, Apple Pay and a range of accessory, service and support offerings.</Text>
		<Text Type="Financial Summary" lastModified="2018-02-05T12:35:52">BRIEF: For the 13 weeks ended 30 December 2017, Apple Inc. revenues increased 13% to $88.29B. Net income increased 12% to $20.07B. Revenues reflect Americas- Operating segment increase of 10% to $35.19B, Europe-Operating segment increase of 14% to $21.05B, Number of Units Sold-iPad increase of 1% to 13.2M. Net income was partially offset by Corporate segment loss increase of 14% to $4.5B. Dividend per share increased from $0.57 to $0.63.</Text>
	</TextInfo>
	<contactInfo lastUpdated="2018-02-05T12:36:17">
		<streetAddress line="1">1 Infinite Loop</streetAddress>
		<streetAddress line="2"></streetAddress>
		<streetAddress line="3"></streetAddress>
		<city>CUPERTINO</city>
		<state-region>CA</state-region>
		<postalCode>95014-2083</postalCode>
		<country code="USA">United States</country>
		<contactName></contactName>
		<contactTitle></contactTitle>
		<phone>
			<phone type="mainphone">
				<countryPhoneCode>1</countryPhoneCode>
				<city-areacode>408</city-areacode>
				<number>9961010</number>
			</phone>
		</phone>
	</contactInfo>
	<webLinks lastUpdated="2017-07-04T03:30:01"><webSite mainCategory="Home Page">https://www.apple.com/</webSite><eMail mainCategory="Company Contact/E-mail"></eMail></webLinks>
	<peerInfo lastUpdated="2018-02-05T12:36:17">
		<IndustryInfo>
			<Industry type="TRBC" order="1" reported="0" code="5710601010" mnem="">Computer Hardware - NEC</Industry>
			<Industry type="NAICS" order="1" reported="0" code="33422" mnem="">Radio and Television Broadcasting and Wireless Communications Equipment Manufacturing</Industry>
			<Industry type="NAICS" order="2" reported="0" code="334111" mnem="">Electronic Computer Manufacturing</Industry>
			<Industry type="NAICS" order="3" reported="0" code="51121" mnem="">Software Publishers</Industry>
			<Industry type="NAICS" order="4" reported="0" code="334112" mnem="">Computer Storage Device Manufacturing</Industry>
			<Industry type="NAICS" order="5" reported="0" code="334113" mnem="">Computer Terminal Manufacturing</Industry>
			<Industry type="NAICS" order="6" reported="0" code="44312" mnem="">Computer and Software Stores</Industry>
			<Industry type="SIC" order="0" reported="1" code="3571" mnem="">Electronic Computers</Industry>
			<Industry type="SIC" order="1" reported="0" code="3663" mnem="">Radio/tv Communications Equip</Industry>
			<Industry type="SIC" order="2" reported="0" code="3571" mnem="">Electronic Computers</Industry>
			<Industry type="SIC" order="3" reported="0" code="7372" mnem="">Prepackaged Software</Industry>
			<Industry type="SIC" order="4" reported="0" code="3572" mnem="">Computer Storage Devices</Industry>
			<Industry type="SIC" order="5" reported="0" code="3575" mnem="">Computer Terminals</Industry>
			<Industry type="SIC" order="6" reported="0" code="5734" mnem="">Computer And Software Stores</Industry>
		</IndustryInfo>
		<Indexconstituet>S&amp;P 500</Indexconstituet>
		<Indexconstituet>Dow Industry</Indexconstituet>
	</peerInfo>
	<officers>
		<officer rank="1" since="11/15/2011">
			<firstName>Art</firstName>
			<mI>D.</mI>
			<lastName>Levinson</lastName>
			<age>67 </age>
			<title startYear="2011" startMonth="11" startDay="15" iD1="CHM" abbr1="Chmn." iD2="DRC" abbr2="Dir.">Independent Chairman of the Board</title>
		</officer>
		<officer rank="2" since="03/1998">
			<firstName>Timothy</firstName>
			<mI>D.</mI>
			<lastName>Cook</lastName>
			<age>57 </age>
			<title startYear="2011" startMonth="08" startDay="24" iD1="CEO" abbr1="CEO" iD2="DRC" abbr2="Dir.">Chief Executive Officer, Director</title>
		</officer>
		<officer rank="3" since="05/29/2014">
			<firstName>Luca</firstName>
			<mI></mI>
			<lastName>Maestri</lastName>
			<age>54 </age>
			<title startYear="2014" startMonth="05" startDay="29" iD1="CFO" abbr1="CFO" iD2="SVP" abbr2="Sr. VP">Chief Financial Officer, Senior Vice President</title>
		</officer>
		<officer rank="4" since="07/2010">
			<firstName>Jeff</firstName>
			<mI></mI>
			<lastName>Williams</lastName>
			<age>54 </age>
			<title startYear="2015" startMonth="12" startDay="16" iD1="COO" abbr1="COO" iD2="SVP" abbr2="Sr. VP">Chief Operating Officer, Senior Vice President</title>
		</officer>
		<officer rank="5" since="11/13/2017">
			<firstName>Katherine</firstName>
			<mI></mI>
			<lastName>Adams</lastName>
			<age>53 </age>
			<title startYear="2017" startMonth="11" startDay="13" iD1="SVP" abbr1="Sr. VP" iD2="GCN" abbr2="Counsel">Senior Vice President, General Counsel</title>
		</officer>
		<officer rank="6" since="04/1997">
			<firstName>Phil</firstName>
			<mI></mI>
			<lastName>Schiller</lastName>
			<age>57 </age>
			<title startYear="2002" startMonth="02" startDay="" iD1="SVP" abbr1="Sr. VP" iD2="DMK" abbr2="Dir.-Mktg.">Senior Vice President - Worldwide Marketing</title>
		</officer>
		<officer rank="7" since="05/2014">
			<firstName>Angela</firstName>
			<mI>J.</mI>
			<lastName>Ahrendts</lastName>
			<age>57 </age>
			<title startYear="2014" startMonth="05" startDay="" iD1="SVP" abbr1="Sr. VP" iD2="" abbr2="">Senior Vice President - Retail</title>
		</officer>
		<officer rank="8" since="2001">
			<firstName>Eddy</firstName>
			<mI></mI>
			<lastName>Cue</lastName>
			<age>54 </age>
			<title startYear="2011" startMonth="" startDay="" iD1="SVP" abbr1="Sr. VP" iD2="" abbr2="">Senior Vice President - Internet Software and Services</title>
		</officer>
		<officer rank="9" since="08/27/2012">
			<firstName>Craig</firstName>
			<mI></mI>
			<lastName>Federighi</lastName>
			<age>48 </age>
			<title startYear="2012" startMonth="08" startDay="27" iD1="SVP" abbr1="Sr. VP" iD2="" abbr2="">Senior Vice President - Software Engineering</title>
		</officer>
		<officer rank="10" since="06/28/2012">
			<firstName>Daniel</firstName>
			<mI>J.</mI>
			<lastName>Riccio</lastName>
			<age>55 </age>
			<title startYear="2012" startMonth="06" startDay="28" iD1="SVP" abbr1="Sr. VP" iD2="" abbr2="">Senior Vice President - Hardware Engineering</title>
		</officer>
	</officers>
	<Ratios PriceCurrency="USD" ReportingCurrency="USD" ExchangeRate="1.00000" LatestAvailableDate="2017-12-30">
		<Group ID="Price and Volume">
			<Ratio FieldName="NPRICE" Type="N">162.71000</Ratio>
			<Ratio FieldName="NHIG" Type="N">180.10000</Ratio>
			<Ratio FieldName="NLOW" Type="N">132.75000</Ratio>
			<Ratio FieldName="PDATE" Type="D">2018-02-12T00:00:00</Ratio>
			<Ratio FieldName="VOL10DAVG" Type="N">59.08253</Ratio>
			<Ratio FieldName="EV" Type="N">870839.60000</Ratio>
		</Group>
		<Group ID="Income Statement">
			<Ratio FieldName="MKTCAP" Type="N">825592.60000</Ratio>
			<Ratio FieldName="TTMREV" Type="N">239176.00000</Ratio>
			<Ratio FieldName="TTMEBITD" Type="N">74174.00000</Ratio>
			<Ratio FieldName="TTMNIAC" Type="N">50525.00000</Ratio>
		</Group>
		<Group ID="Per share data">
			<Ratio FieldName="TTMEPSXCLX" Type="N">9.71886</Ratio>
			<Ratio FieldName="TTMREVPS" Type="N">45.91468</Ratio>
			<Ratio FieldName="QBVPS" Type="N">27.58926</Ratio>
			<Ratio FieldName="QCSHPS" Type="N">15.18266</Ratio>
			<Ratio FieldName="TTMCFSHR" Type="N">11.60268</Ratio>
			<Ratio FieldName="TTMDIVSHR" Type="N">2.46000</Ratio>
		</Group>
		<Group ID="Other Ratios">
			<Ratio FieldName="TTMGROSMGN" Type="N">38.43279</Ratio>
			<Ratio FieldName="TTMROEPCT" Type="N">37.07046</Ratio>
			<Ratio FieldName="TTMPR2REV" Type="N">3.45182</Ratio>
			<Ratio FieldName="PEEXCLXOR" Type="N">16.74168</Ratio>
			<Ratio FieldName="PRICE2BK" Type="N">5.89758</Ratio>
			<Ratio FieldName="Employees" Type="N">123000</Ratio>
		</Group>
	</Ratios>
	<ForecastData ConsensusType="Mean" CurFiscalYear="2018" CurFiscalYearEndMonth="9" CurInterimEndCalYear="2018" CurInterimEndMonth="3" EarningsBasis="PRX">
		<Ratio FieldName="ConsRecom" Type="N">
			<Value PeriodType="CURR">1.95</Value>
		</Ratio>
		<Ratio FieldName="TargetPrice" Type="N">
			<Value PeriodType="CURR">190.50000</Value>
		</Ratio>
		<Ratio FieldName="ProjLTGrowthRate" Type="N">
			<Value PeriodType="CURR">11.6760</Value>
		</Ratio>
		<Ratio FieldName="ProjPE" Type="N">
			<Value PeriodType="CURR">14.08501</Value>
		</Ratio>
		<Ratio FieldName="ProjSales" Type="N">
			<Value PeriodType="CURR">262890.10120</Value>
		</Ratio>
		<Ratio FieldName="ProjSalesQ" Type="N">
			<Value PeriodType="CURR">61422.18770</Value>
		</Ratio>
		<Ratio FieldName="ProjEPS" Type="N">
			<Value PeriodType="CURR">11.55200</Value>
		</Ratio>
		<Ratio FieldName="ProjEPSQ" Type="N">
			<Value PeriodType="CURR">2.71320</Value>
		</Ratio>
		<Ratio FieldName="ProjProfit" Type="N">
			<Value PeriodType="CURR">58255.32500</Value>
		</Ratio>
		<Ratio FieldName="ProjDPS" Type="N">
			<Value PeriodType="CURR">2.64810</Value>
		</Ratio>
	</ForecastData>
</ReportSnapshot>
