<FinancialSummary>
   <DividendPerShares currency="USD">
      <DividendPerShare asofDate="2017-12-31" reportType="TTM" period="12M">2.460000</DividendPerShare>
      <DividendPerShare asofDate="2017-09-30" reportType="TTM" period="12M">2.400000</DividendPerShare>
      <DividendPerShare asofDate="2017-06-30" reportType="TTM" period="12M">2.340000</DividendPerShare>
      <DividendPerShare asofDate="2017-03-31" reportType="TTM" period="12M">2.280000</DividendPerShare>
      <DividendPerShare asofDate="2016-12-31" reportType="TTM" period="12M">2.230000</DividendPerShare>
      <DividendPerShare asofDate="2016-09-30" reportType="TTM" period="12M">2.180000</DividendPerShare>
      <DividendPerShare asofDate="2016-06-30" reportType="TTM" period="12M">2.130000</DividendPerShare>
      <DividendPerShare asofDate="2016-03-31" reportType="TTM" period="12M">2.080000</DividendPerShare>
      <DividendPerShare asofDate="2015-12-31" reportType="TTM" period="12M">2.030000</DividendPerShare>
      <DividendPerShare asofDate="2015-09-30" reportType="TTM" period="12M">1.980000</DividendPerShare>
      <DividendPerShare asofDate="2015-06-30" reportType="TTM" period="12M">1.930000</DividendPerShare>
      <DividendPerShare asofDate="2015-03-31" reportType="TTM" period="12M">1.880000</DividendPerShare>
      <DividendPerShare asofDate="2014-12-31" reportType="TTM" period="12M">1.845714</DividendPerShare>
      <DividendPerShare asofDate="2014-09-30" reportType="TTM" period="12M">1.811429</DividendPerShare>
      <DividendPerShare asofDate="2014-06-30" reportType="TTM" period="12M">1.777143</DividendPerShare>
      <DividendPerShare asofDate="2014-03-31" reportType="TTM" period="12M">1.742857</DividendPerShare>
      <DividendPerShare asofDate="2013-12-31" reportType="TTM" period="12M">11.800000</DividendPerShare>
      <DividendPerShare asofDate="2013-09-30" reportType="TTM" period="12M">11.400000</DividendPerShare>
      <DividendPerShare asofDate="2013-06-30" reportType="TTM" period="12M">11.000000</DividendPerShare>
      <DividendPerShare asofDate="2013-03-31" reportType="TTM" period="12M">7.950000</DividendPerShare>
      <DividendPerShare asofDate="2012-12-31" reportType="TTM" period="12M">5.300000</DividendPerShare>
      <DividendPerShare asofDate="2012-09-30" reportType="TTM" period="12M">2.650000</DividendPerShare>
      <DividendPerShare asofDate="2012-06-30" reportType="TTM" period="12M">0.000000</DividendPerShare>
      <DividendPerShare asofDate="2012-03-31" reportType="TTM" period="12M">0.000000</DividendPerShare>
      <DividendPerShare asofDate="2011-12-31" reportType="TTM" period="12M">0.000000</DividendPerShare>
      <DividendPerShare asofDate="2017-12-31" reportType="A" period="3M">0.630000</DividendPerShare>
      <DividendPerShare asofDate="2017-09-30" reportType="A" period="3M">0.630000</DividendPerShare>
      <DividendPerShare asofDate="2017-09-30" reportType="A" period="12M">2.400000</DividendPerShare>
      <DividendPerShare asofDate="2017-06-30" reportType="A" period="3M">0.630000</DividendPerShare>
      <DividendPerShare asofDate="2017-03-31" reportType="A" period="3M">0.570000</DividendPerShare>
      <DividendPerShare asofDate="2016-12-31" reportType="A" period="3M">0.570000</DividendPerShare>
      <DividendPerShare asofDate="2016-09-30" reportType="A" period="3M">0.570000</DividendPerShare>
      <DividendPerShare asofDate="2016-09-30" reportType="A" period="12M">2.180000</DividendPerShare>
      <DividendPerShare asofDate="2016-06-30" reportType="A" period="3M">0.570000</DividendPerShare>
      <DividendPerShare asofDate="2016-03-31" reportType="A" period="3M">0.520000</DividendPerShare>
      <DividendPerShare asofDate="2015-12-31" reportType="A" period="3M">0.520000</DividendPerShare>
      <DividendPerShare asofDate="2015-09-30" reportType="A" period="3M">0.520000</DividendPerShare>
      <DividendPerShare asofDate="2015-09-30" reportType="A" period="12M">1.980000</DividendPerShare>
      <DividendPerShare asofDate="2015-06-30" reportType="A" period="3M">0.520000</DividendPerShare>
      <DividendPerShare asofDate="2015-03-31" reportType="A" period="3M">0.470000</DividendPerShare>
      <DividendPerShare asofDate="2014-12-31" reportType="A" period="3M">0.470000</DividendPerShare>
      <DividendPerShare asofDate="2014-09-30" reportType="A" period="3M">0.470000</DividendPerShare>
      <DividendPerShare asofDate="2014-09-30" reportType="A" period="12M">1.811429</DividendPerShare>
      <DividendPerShare asofDate="2014-06-30" reportType="A" period="3M">0.470000</DividendPerShare>
      <DividendPerShare asofDate="2014-03-31" reportType="A" period="3M">0.435714</DividendPerShare>
      <DividendPerShare asofDate="2013-12-31" reportType="A" period="3M">0.435714</DividendPerShare>
      <DividendPerShare asofDate="2013-09-30" reportType="A" period="3M">0.435714</DividendPerShare>
      <DividendPerShare asofDate="2013-09-30" reportType="A" period="12M">1.628571</DividendPerShare>
      <DividendPerShare asofDate="2013-06-30" reportType="A" period="3M">0.435714</DividendPerShare>
      <DividendPerShare asofDate="2013-03-31" reportType="A" period="3M">0.378571</DividendPerShare>
      <DividendPerShare asofDate="2012-12-31" reportType="A" period="3M">0.378571</DividendPerShare>
      <DividendPerShare asofDate="2012-09-30" reportType="A" period="3M">0.378571</DividendPerShare>
      <DividendPerShare asofDate="2012-09-30" reportType="A" period="12M">0.378571</DividendPerShare>
      <DividendPerShare asofDate="2012-06-30" reportType="A" period="3M">0.000000</DividendPerShare>
      <DividendPerShare asofDate="2012-03-31" reportType="A" period="3M">0.000000</DividendPerShare>
      <DividendPerShare asofDate="2011-12-31" reportType="A" period="3M">0.000000</DividendPerShare>
      <DividendPerShare asofDate="2011-09-30" reportType="A" period="3M">0.000000</DividendPerShare>
      <DividendPerShare asofDate="2011-09-30" reportType="A" period="12M">0.000000</DividendPerShare>
      <DividendPerShare asofDate="2011-06-30" reportType="A" period="3M">0.000000</DividendPerShare>
      <DividendPerShare asofDate="2011-03-31" reportType="A" period="3M">0.000000</DividendPerShare>
      <DividendPerShare asofDate="2017-12-31" reportType="R" period="3M">0.630000</DividendPerShare>
      <DividendPerShare asofDate="2017-12-31" reportType="R" period="12M">2.460000</DividendPerShare>
      <DividendPerShare asofDate="2017-09-30" reportType="R" period="3M">0.630000</DividendPerShare>
      <DividendPerShare asofDate="2017-09-30" reportType="R" period="12M">2.400000</DividendPerShare>
      <DividendPerShare asofDate="2017-06-30" reportType="R" period="3M">0.630000</DividendPerShare>
      <DividendPerShare asofDate="2017-06-30" reportType="R" period="12M">2.340000</DividendPerShare>
      <DividendPerShare asofDate="2017-03-31" reportType="R" period="3M">0.570000</DividendPerShare>
      <DividendPerShare asofDate="2017-03-31" reportType="R" period="12M">2.280000</DividendPerShare>
      <DividendPerShare asofDate="2016-12-31" reportType="R" period="3M">0.570000</DividendPerShare>
      <DividendPerShare asofDate="2016-12-31" reportType="R" period="12M">2.230000</DividendPerShare>
      <DividendPerShare asofDate="2016-09-30" reportType="R" period="3M">0.570000</DividendPerShare>
      <DividendPerShare asofDate="2016-09-30" reportType="R" period="12M">2.180000</DividendPerShare>
      <DividendPerShare asofDate="2016-06-30" reportType="R" period="3M">0.570000</DividendPerShare>
      <DividendPerShare asofDate="2016-06-30" reportType="R" period="12M">2.130000</DividendPerShare>
      <DividendPerShare asofDate="2016-03-31" reportType="R" period="3M">0.520000</DividendPerShare>
      <DividendPerShare asofDate="2016-03-31" reportType="R" period="12M">2.080000</DividendPerShare>
      <DividendPerShare asofDate="2015-12-31" reportType="R" period="3M">0.520000</DividendPerShare>
      <DividendPerShare asofDate="2015-12-31" reportType="R" period="12M">2.030000</DividendPerShare>
      <DividendPerShare asofDate="2015-09-30" reportType="R" period="3M">0.520000</DividendPerShare>
      <DividendPerShare asofDate="2015-09-30" reportType="R" period="12M">1.980000</DividendPerShare>
      <DividendPerShare asofDate="2015-06-30" reportType="R" period="3M">0.520000</DividendPerShare>
      <DividendPerShare asofDate="2015-06-30" reportType="R" period="12M">1.930000</DividendPerShare>
      <DividendPerShare asofDate="2015-03-31" reportType="R" period="3M">0.470000</DividendPerShare>
      <DividendPerShare asofDate="2015-03-31" reportType="R" period="12M">1.880000</DividendPerShare>
      <DividendPerShare asofDate="2014-12-31" reportType="R" period="3M">0.470000</DividendPerShare>
      <DividendPerShare asofDate="2014-12-31" reportType="R" period="12M">1.845714</DividendPerShare>
      <DividendPerShare asofDate="2014-09-30" reportType="R" period="3M">0.470000</DividendPerShare>
      <DividendPerShare asofDate="2014-09-30" reportType="R" period="12M">1.811429</DividendPerShare>
      <DividendPerShare asofDate="2014-06-30" reportType="R" period="3M">0.470000</DividendPerShare>
      <DividendPerShare asofDate="2014-06-30" reportType="R" period="12M">1.777143</DividendPerShare>
      <DividendPerShare asofDate="2014-03-31" reportType="R" period="3M">0.435714</DividendPerShare>
      <DividendPerShare asofDate="2014-03-31" reportType="R" period="12M">1.742857</DividendPerShare>
      <DividendPerShare asofDate="2013-12-31" reportType="R" period="3M">0.435714</DividendPerShare>
      <DividendPerShare asofDate="2013-12-31" reportType="R" period="12M">1.685714</DividendPerShare>
      <DividendPerShare asofDate="2013-09-30" reportType="R" period="3M">0.435714</DividendPerShare>
      <DividendPerShare asofDate="2013-09-30" reportType="R" period="12M">1.628571</DividendPerShare>
      <DividendPerShare asofDate="2013-06-30" reportType="R" period="3M">0.435714</DividendPerShare>
      <DividendPerShare asofDate="2013-06-30" reportType="R" period="12M">1.571429</DividendPerShare>
      <DividendPerShare asofDate="2013-03-31" reportType="R" period="3M">0.378571</DividendPerShare>
      <DividendPerShare asofDate="2013-03-31" reportType="R" period="12M">1.135714</DividendPerShare>
      <DividendPerShare asofDate="2012-12-31" reportType="R" period="3M">0.378571</DividendPerShare>
      <DividendPerShare asofDate="2012-12-31" reportType="R" period="12M">0.757143</DividendPerShare>
      <DividendPerShare asofDate="2012-09-30" reportType="R" period="3M">0.378571</DividendPerShare>
      <DividendPerShare asofDate="2012-09-30" reportType="R" period="12M">0.378571</DividendPerShare>
      <DividendPerShare asofDate="2012-06-30" reportType="R" period="3M">0.000000</DividendPerShare>
      <DividendPerShare asofDate="2012-06-30" reportType="R" period="12M">0.000000</DividendPerShare>
      <DividendPerShare asofDate="2012-03-31" reportType="R" period="3M">0.000000</DividendPerShare>
      <DividendPerShare asofDate="2012-03-31" reportType="R" period="12M">0.000000</DividendPerShare>
      <DividendPerShare asofDate="2011-12-31" reportType="R" period="3M">0.000000</DividendPerShare>
      <DividendPerShare asofDate="2011-12-31" reportType="R" period="12M">0.000000</DividendPerShare>
      <DividendPerShare asofDate="2011-09-30" reportType="R" period="3M">0.000000</DividendPerShare>
      <DividendPerShare asofDate="2011-09-30" reportType="R" period="12M">0.000000</DividendPerShare>
      <DividendPerShare asofDate="2011-06-30" reportType="R" period="3M">0.000000</DividendPerShare>
      <DividendPerShare asofDate="2011-06-30" reportType="R" period="12M">0.000000</DividendPerShare>
      <DividendPerShare asofDate="2011-03-31" reportType="R" period="3M">0.000000</DividendPerShare>
      <DividendPerShare asofDate="2011-03-31" reportType="R" period="12M">0.000000</DividendPerShare>
      <DividendPerShare asofDate="2017-12-31" reportType="P" period="3M">0.630000</DividendPerShare>
      <DividendPerShare asofDate="2017-09-30" reportType="P" period="3M">0.630000</DividendPerShare>
      <DividendPerShare asofDate="2017-09-30" reportType="P" period="12M">2.400000</DividendPerShare>
      <DividendPerShare asofDate="2017-06-30" reportType="P" period="3M">0.630000</DividendPerShare>
      <DividendPerShare asofDate="2017-03-31" reportType="P" period="3M">0.570000</DividendPerShare>
      <DividendPerShare asofDate="2016-12-31" reportType="P" period="3M">0.570000</DividendPerShare>
      <DividendPerShare asofDate="2016-09-30" reportType="P" period="3M">0.570000</DividendPerShare>
      <DividendPerShare asofDate="2016-09-30" reportType="P" period="12M">2.180000</DividendPerShare>
      <DividendPerShare asofDate="2016-06-30" reportType="P" period="3M">0.570000</DividendPerShare>
      <DividendPerShare asofDate="2016-03-31" reportType="P" period="3M">0.520000</DividendPerShare>
      <DividendPerShare asofDate="2015-12-31" reportType="P" period="3M">0.520000</DividendPerShare>
      <DividendPerShare asofDate="2015-09-30" reportType="P" period="3M">0.520000</DividendPerShare>
      <DividendPerShare asofDate="2015-09-30" reportType="P" period="12M">1.980000</DividendPerShare>
      <DividendPerShare asofDate="2015-06-30" reportType="P" period="3M">0.520000</DividendPerShare>
      <DividendPerShare asofDate="2015-03-31" reportType="P" period="3M">0.470000</DividendPerShare>
      <DividendPerShare asofDate="2014-12-31" reportType="P" period="3M">0.470000</DividendPerShare>
      <DividendPerShare asofDate="2014-09-30" reportType="P" period="3M">0.470000</DividendPerShare>
      <DividendPerShare asofDate="2014-09-30" reportType="P" period="12M">1.811429</DividendPerShare>
      <DividendPerShare asofDate="2014-06-30" reportType="P" period="3M">0.470000</DividendPerShare>
      <DividendPerShare asofDate="2014-03-31" reportType="P" period="3M">0.435714</DividendPerShare>
      <DividendPerShare asofDate="2013-12-31" reportType="P" period="3M">0.435714</DividendPerShare>
      <DividendPerShare asofDate="2013-09-30" reportType="P" period="3M">0.435714</DividendPerShare>
      <DividendPerShare asofDate="2013-09-30" reportType="P" period="12M">1.628571</DividendPerShare>
      <DividendPerShare asofDate="2013-06-30" reportType="P" period="3M">0.435714</DividendPerShare>
      <DividendPerShare asofDate="2013-03-31" reportType="P" period="3M">0.378571</DividendPerShare>
      <DividendPerShare asofDate="2012-12-31" reportType="P" period="3M">0.378571</DividendPerShare>
      <DividendPerShare asofDate="2012-09-30" reportType="P" period="3M">0.378571</DividendPerShare>
      <DividendPerShare asofDate="2012-09-30" reportType="P" period="12M">0.378571</DividendPerShare>
      <DividendPerShare asofDate="2012-06-30" reportType="P" period="3M">0.000000</DividendPerShare>
      <DividendPerShare asofDate="2012-03-31" reportType="P" period="3M">0.000000</DividendPerShare>
      <DividendPerShare asofDate="2011-12-31" reportType="P" period="3M">0.000000</DividendPerShare>
      <DividendPerShare asofDate="2011-09-30" reportType="P" period="12M">0.000000</DividendPerShare>
      <DividendPerShare asofDate="2011-06-30" reportType="P" period="3M">0.000000</DividendPerShare>
      <DividendPerShare asofDate="2011-03-31" reportType="P" period="3M">0.000000</DividendPerShare>
   </DividendPerShares>
   <TotalRevenues currency="USD">
      <TotalRevenue asofDate="2017-12-31" reportType="A" period="3M">88293000000.000000</TotalRevenue>
      <TotalRevenue asofDate="2017-09-30" reportType="A" period="3M">52579000000.000000</TotalRevenue>
      <TotalRevenue asofDate="2017-09-30" reportType="A" period="12M">229234000000.000000</TotalRevenue>
      <TotalRevenue asofDate="2017-06-30" reportType="A" period="3M">45408000000.000000</TotalRevenue>
      <TotalRevenue asofDate="2017-03-31" reportType="A" period="3M">52896000000.000000</TotalRevenue>
      <TotalRevenue asofDate="2016-12-31" reportType="A" period="3M">78351000000.000000</TotalRevenue>
      <TotalRevenue asofDate="2016-09-30" reportType="A" period="3M">46852000000.000000</TotalRevenue>
      <TotalRevenue asofDate="2016-09-30" reportType="A" period="12M">215639000000.000000</TotalRevenue>
      <TotalRevenue asofDate="2016-06-30" reportType="A" period="3M">42358000000.000000</TotalRevenue>
      <TotalRevenue asofDate="2016-03-31" reportType="A" period="3M">50557000000.000000</TotalRevenue>
      <TotalRevenue asofDate="2015-12-31" reportType="A" period="3M">75872000000.000000</TotalRevenue>
      <TotalRevenue asofDate="2015-09-30" reportType="A" period="3M">51501000000.000000</TotalRevenue>
      <TotalRevenue asofDate="2015-09-30" reportType="A" period="12M">233715000000.000000</TotalRevenue>
      <TotalRevenue asofDate="2015-06-30" reportType="A" period="3M">49605000000.000000</TotalRevenue>
      <TotalRevenue asofDate="2015-03-31" reportType="A" period="3M">58010000000.000000</TotalRevenue>
      <TotalRevenue asofDate="2014-12-31" reportType="A" period="3M">74599000000.000000</TotalRevenue>
      <TotalRevenue asofDate="2014-09-30" reportType="A" period="3M">42123000000.000000</TotalRevenue>
      <TotalRevenue asofDate="2014-09-30" reportType="A" period="12M">182795000000.000000</TotalRevenue>
      <TotalRevenue asofDate="2014-06-30" reportType="A" period="3M">37432000000.000000</TotalRevenue>
      <TotalRevenue asofDate="2014-03-31" reportType="A" period="3M">45646000000.000000</TotalRevenue>
      <TotalRevenue asofDate="2013-12-31" reportType="A" period="3M">57594000000.000000</TotalRevenue>
      <TotalRevenue asofDate="2013-09-30" reportType="A" period="3M">37472000000.000000</TotalRevenue>
      <TotalRevenue asofDate="2013-09-30" reportType="A" period="12M">170910000000.000000</TotalRevenue>
      <TotalRevenue asofDate="2013-06-30" reportType="A" period="3M">35323000000.000000</TotalRevenue>
      <TotalRevenue asofDate="2013-03-31" reportType="A" period="3M">43603000000.000000</TotalRevenue>
      <TotalRevenue asofDate="2012-12-31" reportType="A" period="3M">54512000000.000000</TotalRevenue>
      <TotalRevenue asofDate="2012-09-30" reportType="A" period="3M">35966000000.000000</TotalRevenue>
      <TotalRevenue asofDate="2012-09-30" reportType="A" period="12M">156508000000.000000</TotalRevenue>
      <TotalRevenue asofDate="2012-06-30" reportType="A" period="3M">35023000000.000000</TotalRevenue>
      <TotalRevenue asofDate="2012-03-31" reportType="A" period="3M">39186000000.000000</TotalRevenue>
      <TotalRevenue asofDate="2011-12-31" reportType="A" period="3M">46333000000.000000</TotalRevenue>
      <TotalRevenue asofDate="2011-09-30" reportType="A" period="3M">28270000000.000000</TotalRevenue>
      <TotalRevenue asofDate="2011-09-30" reportType="A" period="12M">108249000000.000000</TotalRevenue>
      <TotalRevenue asofDate="2011-06-30" reportType="A" period="3M">28571000000.000000</TotalRevenue>
      <TotalRevenue asofDate="2011-03-31" reportType="A" period="3M">24667000000.000000</TotalRevenue>
      <TotalRevenue asofDate="2017-12-31" reportType="TTM" period="12M">239176000000.000000</TotalRevenue>
      <TotalRevenue asofDate="2017-09-30" reportType="TTM" period="12M">229234000000.000000</TotalRevenue>
      <TotalRevenue asofDate="2017-06-30" reportType="TTM" period="12M">223507000000.000000</TotalRevenue>
      <TotalRevenue asofDate="2017-03-31" reportType="TTM" period="12M">220457000000.000000</TotalRevenue>
      <TotalRevenue asofDate="2016-12-31" reportType="TTM" period="12M">218118000000.000000</TotalRevenue>
      <TotalRevenue asofDate="2016-09-30" reportType="TTM" period="12M">215639000000.000000</TotalRevenue>
      <TotalRevenue asofDate="2016-06-30" reportType="TTM" period="12M">220288000000.000000</TotalRevenue>
      <TotalRevenue asofDate="2016-03-31" reportType="TTM" period="12M">227535000000.000000</TotalRevenue>
      <TotalRevenue asofDate="2015-12-31" reportType="TTM" period="12M">234988000000.000000</TotalRevenue>
      <TotalRevenue asofDate="2015-09-30" reportType="TTM" period="12M">233715000000.000000</TotalRevenue>
      <TotalRevenue asofDate="2015-06-30" reportType="TTM" period="12M">224337000000.000000</TotalRevenue>
      <TotalRevenue asofDate="2015-03-31" reportType="TTM" period="12M">212164000000.000000</TotalRevenue>
      <TotalRevenue asofDate="2014-12-31" reportType="TTM" period="12M">199800000000.000000</TotalRevenue>
      <TotalRevenue asofDate="2014-09-30" reportType="TTM" period="12M">182795000000.000000</TotalRevenue>
      <TotalRevenue asofDate="2014-06-30" reportType="TTM" period="12M">178144000000.000000</TotalRevenue>
      <TotalRevenue asofDate="2014-03-31" reportType="TTM" period="12M">176035000000.000000</TotalRevenue>
      <TotalRevenue asofDate="2013-12-31" reportType="TTM" period="12M">173992000000.000000</TotalRevenue>
      <TotalRevenue asofDate="2013-09-30" reportType="TTM" period="12M">170910000000.000000</TotalRevenue>
      <TotalRevenue asofDate="2013-06-30" reportType="TTM" period="12M">169404000000.000000</TotalRevenue>
      <TotalRevenue asofDate="2013-03-31" reportType="TTM" period="12M">169104000000.000000</TotalRevenue>
      <TotalRevenue asofDate="2012-12-31" reportType="TTM" period="12M">164687000000.000000</TotalRevenue>
      <TotalRevenue asofDate="2012-09-30" reportType="TTM" period="12M">156508000000.000000</TotalRevenue>
      <TotalRevenue asofDate="2012-06-30" reportType="TTM" period="12M">148812000000.000000</TotalRevenue>
      <TotalRevenue asofDate="2012-03-31" reportType="TTM" period="12M">142360000000.000000</TotalRevenue>
      <TotalRevenue asofDate="2011-12-31" reportType="TTM" period="12M">127841000000.000000</TotalRevenue>
      <TotalRevenue asofDate="2017-12-31" reportType="R" period="3M">88293000000.000000</TotalRevenue>
      <TotalRevenue asofDate="2017-12-31" reportType="R" period="12M">239176000000.000000</TotalRevenue>
      <TotalRevenue asofDate="2017-09-30" reportType="R" period="3M">52579000000.000000</TotalRevenue>
      <TotalRevenue asofDate="2017-09-30" reportType="R" period="12M">229234000000.000000</TotalRevenue>
      <TotalRevenue asofDate="2017-06-30" reportType="R" period="3M">45408000000.000000</TotalRevenue>
      <TotalRevenue asofDate="2017-06-30" reportType="R" period="12M">223507000000.000000</TotalRevenue>
      <TotalRevenue asofDate="2017-03-31" reportType="R" period="3M">52896000000.000000</TotalRevenue>
      <TotalRevenue asofDate="2017-03-31" reportType="R" period="12M">220457000000.000000</TotalRevenue>
      <TotalRevenue asofDate="2016-12-31" reportType="R" period="3M">78351000000.000000</TotalRevenue>
      <TotalRevenue asofDate="2016-12-31" reportType="R" period="12M">218118000000.000000</TotalRevenue>
      <TotalRevenue asofDate="2016-09-30" reportType="R" period="3M">46852000000.000000</TotalRevenue>
      <TotalRevenue asofDate="2016-09-30" reportType="R" period="12M">215639000000.000000</TotalRevenue>
      <TotalRevenue asofDate="2016-06-30" reportType="R" period="3M">42358000000.000000</TotalRevenue>
      <TotalRevenue asofDate="2016-06-30" reportType="R" period="12M">220288000000.000000</TotalRevenue>
      <TotalRevenue asofDate="2016-03-31" reportType="R" period="3M">50557000000.000000</TotalRevenue>
      <TotalRevenue asofDate="2016-03-31" reportType="R" period="12M">227535000000.000000</TotalRevenue>
      <TotalRevenue asofDate="2015-12-31" reportType="R" period="3M">75872000000.000000</TotalRevenue>
      <TotalRevenue asofDate="2015-12-31" reportType="R" period="12M">234988000000.000000</TotalRevenue>
      <TotalRevenue asofDate="2015-09-30" reportType="R" period="3M">51501000000.000000</TotalRevenue>
      <TotalRevenue asofDate="2015-09-30" reportType="R" period="12M">233715000000.000000</TotalRevenue>
      <TotalRevenue asofDate="2015-06-30" reportType="R" period="3M">49605000000.000000</TotalRevenue>
      <TotalRevenue asofDate="2015-06-30" reportType="R" period="12M">224337000000.000000</TotalRevenue>
      <TotalRevenue asofDate="2015-03-31" reportType="R" period="3M">58010000000.000000</TotalRevenue>
      <TotalRevenue asofDate="2015-03-31" reportType="R" period="12M">212164000000.000000</TotalRevenue>
      <TotalRevenue asofDate="2014-12-31" reportType="R" period="3M">74599000000.000000</TotalRevenue>
      <TotalRevenue asofDate="2014-12-31" reportType="R" period="12M">199800000000.000000</TotalRevenue>
      <TotalRevenue asofDate="2014-09-30" reportType="R" period="3M">42123000000.000000</TotalRevenue>
      <TotalRevenue asofDate="2014-09-30" reportType="R" period="12M">182795000000.000000</TotalRevenue>
      <TotalRevenue asofDate="2014-06-30" reportType="R" period="3M">37432000000.000000</TotalRevenue>
      <TotalRevenue asofDate="2014-06-30" reportType="R" period="12M">178144000000.000000</TotalRevenue>
      <TotalRevenue asofDate="2014-03-31" reportType="R" period="3M">45646000000.000000</TotalRevenue>
      <TotalRevenue asofDate="2014-03-31" reportType="R" period="12M">176035000000.000000</TotalRevenue>
      <TotalRevenue asofDate="2013-12-31" reportType="R" period="3M">57594000000.000000</TotalRevenue>
      <TotalRevenue asofDate="2013-12-31" reportType="R" period="12M">173992000000.000000</TotalRevenue>
      <TotalRevenue asofDate="2013-09-30" reportType="R" period="3M">37472000000.000000</TotalRevenue>
      <TotalRevenue asofDate="2013-09-30" reportType="R" period="12M">170910000000.000000</TotalRevenue>
      <TotalRevenue asofDate="2013-06-30" reportType="R" period="3M">35323000000.000000</TotalRevenue>
      <TotalRevenue asofDate="2013-06-30" reportType="R" period="12M">169404000000.000000</TotalRevenue>
      <TotalRevenue asofDate="2013-03-31" reportType="R" period="3M">43603000000.000000</TotalRevenue>
      <TotalRevenue asofDate="2013-03-31" reportType="R" period="12M">169104000000.000000</TotalRevenue>
      <TotalRevenue asofDate="2012-12-31" reportType="R" period="3M">54512000000.000000</TotalRevenue>
      <TotalRevenue asofDate="2012-12-31" reportType="R" period="12M">164687000000.000000</TotalRevenue>
      <TotalRevenue asofDate="2012-09-30" reportType="R" period="3M">35966000000.000000</TotalRevenue>
      <TotalRevenue asofDate="2012-09-30" reportType="R" period="12M">156508000000.000000</TotalRevenue>
      <TotalRevenue asofDate="2012-06-30" reportType="R" period="3M">35023000000.000000</TotalRevenue>
      <TotalRevenue asofDate="2012-06-30" reportType="R" period="12M">148812000000.000000</TotalRevenue>
      <TotalRevenue asofDate="2012-03-31" reportType="R" period="3M">39186000000.000000</TotalRevenue>
      <TotalRevenue asofDate="2012-03-31" reportType="R" period="12M">142360000000.000000</TotalRevenue>
      <TotalRevenue asofDate="2011-12-31" reportType="R" period="3M">46333000000.000000</TotalRevenue>
      <TotalRevenue asofDate="2011-12-31" reportType="R" period="12M">127841000000.000000</TotalRevenue>
      <TotalRevenue asofDate="2011-09-30" reportType="R" period="3M">28270000000.000000</TotalRevenue>
      <TotalRevenue asofDate="2011-09-30" reportType="R" period="12M">108249000000.000000</TotalRevenue>
      <TotalRevenue asofDate="2011-06-30" reportType="R" period="3M">28571000000.000000</TotalRevenue>
      <TotalRevenue asofDate="2011-06-30" reportType="R" period="12M">100322000000.000000</TotalRevenue>
      <TotalRevenue asofDate="2011-03-31" reportType="R" period="3M">24667000000.000000</TotalRevenue>
      <TotalRevenue asofDate="2011-03-31" reportType="R" period="12M">87451000000.000000</TotalRevenue>
      <TotalRevenue asofDate="2017-12-31" reportType="P" period="3M">88293000000.000000</TotalRevenue>
      <TotalRevenue asofDate="2017-09-30" reportType="P" period="3M">52579000000.000000</TotalRevenue>
      <TotalRevenue asofDate="2017-09-30" reportType="P" period="12M">229234000000.000000</TotalRevenue>
      <TotalRevenue asofDate="2017-06-30" reportType="P" period="3M">45408000000.000000</TotalRevenue>
      <TotalRevenue asofDate="2017-03-31" reportType="P" period="3M">52896000000.000000</TotalRevenue>
      <TotalRevenue asofDate="2016-12-31" reportType="P" period="3M">78351000000.000000</TotalRevenue>
      <TotalRevenue asofDate="2016-09-30" reportType="P" period="3M">46852000000.000000</TotalRevenue>
      <TotalRevenue asofDate="2016-09-30" reportType="P" period="12M">215639000000.000000</TotalRevenue>
      <TotalRevenue asofDate="2016-06-30" reportType="P" period="3M">42358000000.000000</TotalRevenue>
      <TotalRevenue asofDate="2016-03-31" reportType="P" period="3M">50557000000.000000</TotalRevenue>
      <TotalRevenue asofDate="2015-12-31" reportType="P" period="3M">75872000000.000000</TotalRevenue>
      <TotalRevenue asofDate="2015-09-30" reportType="P" period="3M">51501000000.000000</TotalRevenue>
      <TotalRevenue asofDate="2015-09-30" reportType="P" period="12M">233715000000.000000</TotalRevenue>
      <TotalRevenue asofDate="2015-06-30" reportType="P" period="3M">49605000000.000000</TotalRevenue>
      <TotalRevenue asofDate="2015-03-31" reportType="P" period="3M">58010000000.000000</TotalRevenue>
      <TotalRevenue asofDate="2014-12-31" reportType="P" period="3M">74599000000.000000</TotalRevenue>
      <TotalRevenue asofDate="2014-09-30" reportType="P" period="3M">42123000000.000000</TotalRevenue>
      <TotalRevenue asofDate="2014-09-30" reportType="P" period="12M">182795000000.000000</TotalRevenue>
      <TotalRevenue asofDate="2014-06-30" reportType="P" period="3M">37432000000.000000</TotalRevenue>
      <TotalRevenue asofDate="2014-03-31" reportType="P" period="3M">45646000000.000000</TotalRevenue>
      <TotalRevenue asofDate="2013-12-31" reportType="P" period="3M">57594000000.000000</TotalRevenue>
      <TotalRevenue asofDate="2013-09-30" reportType="P" period="3M">37472000000.000000</TotalRevenue>
      <TotalRevenue asofDate="2013-09-30" reportType="P" period="12M">170910000000.000000</TotalRevenue>
      <TotalRevenue asofDate="2013-06-30" reportType="P" period="3M">35323000000.000000</TotalRevenue>
      <TotalRevenue asofDate="2013-03-31" reportType="P" period="3M">43603000000.000000</TotalRevenue>
      <TotalRevenue asofDate="2012-12-31" reportType="P" period="3M">54512000000.000000</TotalRevenue>
      <TotalRevenue asofDate="2012-09-30" reportType="P" period="3M">35966000000.000000</TotalRevenue>
      <TotalRevenue asofDate="2012-09-30" reportType="P" period="12M">156508000000.000000</TotalRevenue>
      <TotalRevenue asofDate="2012-06-30" reportType="P" period="3M">35023000000.000000</TotalRevenue>
      <TotalRevenue asofDate="2012-03-31" reportType="P" period="3M">39186000000.000000</TotalRevenue>
      <TotalRevenue asofDate="2011-12-31" reportType="P" period="3M">46333000000.000000</TotalRevenue>
      <TotalRevenue asofDate="2011-09-30" reportType="P" period="12M">108249000000.000000</TotalRevenue>
      <TotalRevenue asofDate="2011-06-30" reportType="P" period="3M">28571000000.000000</TotalRevenue>
      <TotalRevenue asofDate="2011-03-31" reportType="P" period="3M">24667000000.000000</TotalRevenue>
   </TotalRevenues>
   <Dividends currency="USD">
      <Dividend type="CD" exDate="2018-02-09" recordDate="2018-02-12" payDate="2018-02-15" declarationDate="2018-02-01">0.630000</Dividend>
      <Dividend type="CD" exDate="2017-11-10" recordDate="2017-11-13" payDate="2017-11-16" declarationDate="2017-11-03">0.630000</Dividend>
      <Dividend type="CD" exDate="2017-08-10" recordDate="2017-08-14" payDate="2017-08-17" declarationDate="2017-07-02">0.630000</Dividend>
      <Dividend type="CD" exDate="2017-05-11" recordDate="2017-05-15" payDate="2017-05-18" declarationDate="2017-05-02">0.630000</Dividend>
      <Dividend type="CD" exDate="2017-02-09" recordDate="2017-02-13" payDate="2017-02-16" declarationDate="2017-01-31">0.570000</Dividend>
      <Dividend type="CD" exDate="2016-11-03" recordDate="2016-11-07" payDate="2016-11-10" declarationDate="2016-10-25">0.570000</Dividend>
      <Dividend type="CD" exDate="2016-08-04" recordDate="2016-08-08" payDate="2016-08-11" declarationDate="2016-07-26">0.570000</Dividend>
      <Dividend type="CD" exDate="2016-05-05" recordDate="2016-05-09" payDate="2016-05-12" declarationDate="2016-04-26">0.570000</Dividend>
      <Dividend type="CD" exDate="2016-02-04" recordDate="2016-02-08" payDate="2016-02-11" declarationDate="2016-01-26">0.520000</Dividend>
      <Dividend type="CD" exDate="2015-11-05" recordDate="2015-11-09" payDate="2015-11-12" declarationDate="2015-10-27">0.520000</Dividend>
      <Dividend type="CD" exDate="2015-08-06" recordDate="2015-08-10" payDate="2015-08-13" declarationDate="2015-07-21">0.520000</Dividend>
      <Dividend type="CD" exDate="2015-05-07" recordDate="2015-05-11" payDate="2015-05-14" declarationDate="2015-04-28">0.520000</Dividend>
      <Dividend type="CD" exDate="2015-02-05" recordDate="2015-02-09" payDate="2015-02-12" declarationDate="2015-01-27">0.470000</Dividend>
      <Dividend type="CD" exDate="2014-11-06" recordDate="2014-11-10" payDate="2014-11-13" declarationDate="2014-10-20">0.470000</Dividend>
      <Dividend type="CD" exDate="2014-08-07" recordDate="2014-08-11" payDate="2014-08-14" declarationDate="2014-07-22">0.470000</Dividend>
      <Dividend type="CD" exDate="2014-05-08" recordDate="2014-05-12" payDate="2014-05-15" declarationDate="2014-04-17">0.470000</Dividend>
      <Dividend type="CD" exDate="2014-05-08" recordDate="2014-05-12" payDate="2014-05-15" declarationDate="2014-04-23">0.470000</Dividend>
      <Dividend type="CD" exDate="2014-02-06" recordDate="2014-02-10" payDate="2014-02-13" declarationDate="2014-01-27">0.435714</Dividend>
      <Dividend type="CD" exDate="2013-11-07" recordDate="2013-11-11" payDate="2013-11-14" declarationDate="2013-10-29">3.050000</Dividend>
      <Dividend type="CD" exDate="2013-11-06" recordDate="2013-11-11" payDate="2013-11-14" declarationDate="2013-10-28">0.435714</Dividend>
      <Dividend type="CD" exDate="2013-08-08" recordDate="2013-08-12" payDate="2013-08-15" declarationDate="2013-07-24">0.435714</Dividend>
      <Dividend type="CD" exDate="2013-05-09" recordDate="2013-05-13" payDate="2013-05-16" declarationDate="2013-04-23">0.435714</Dividend>
      <Dividend type="CD" exDate="2013-02-07" recordDate="2013-02-11" payDate="2013-02-14" declarationDate="2013-01-24">0.378571</Dividend>
      <Dividend type="CD" exDate="2012-11-07" recordDate="2012-11-12" payDate="2012-11-15" declarationDate="2012-10-25">0.378571</Dividend>
      <Dividend type="CD" exDate="2012-08-09" recordDate="2012-08-13" payDate="2012-08-16" declarationDate="2012-04-20">0.378571</Dividend>
   </Dividends>
   <EPSs currency="USD">
      <EPS asofDate="2017-12-31" reportType="TTM" period="12M">9.810000</EPS>
      <EPS asofDate="2017-09-30" reportType="TTM" period="12M">9.270000</EPS>
      <EPS asofDate="2017-06-30" reportType="TTM" period="12M">8.870000</EPS>
      <EPS asofDate="2017-03-31" reportType="TTM" period="12M">8.630000</EPS>
      <EPS asofDate="2016-12-31" reportType="TTM" period="12M">8.430000</EPS>
      <EPS asofDate="2016-09-30" reportType="TTM" period="12M">8.350000</EPS>
      <EPS asofDate="2016-06-30" reportType="TTM" period="12M">8.640000</EPS>
      <EPS asofDate="2016-03-31" reportType="TTM" period="12M">9.070000</EPS>
      <EPS asofDate="2015-12-31" reportType="TTM" period="12M">9.455716</EPS>
      <EPS asofDate="2015-09-30" reportType="TTM" period="12M">9.280000</EPS>
      <EPS asofDate="2015-06-30" reportType="TTM" period="12M">8.709985</EPS>
      <EPS asofDate="2015-03-31" reportType="TTM" period="12M">8.108767</EPS>
      <EPS asofDate="2014-12-31" reportType="TTM" period="12M">7.437335</EPS>
      <EPS asofDate="2014-09-30" reportType="TTM" period="12M">6.490000</EPS>
      <EPS asofDate="2014-06-30" reportType="TTM" period="12M">6.234243</EPS>
      <EPS asofDate="2014-03-31" reportType="TTM" period="12M">5.995884</EPS>
      <EPS asofDate="2013-12-31" reportType="TTM" period="12M">40.487853</EPS>
      <EPS asofDate="2013-09-30" reportType="TTM" period="12M">40.030000</EPS>
      <EPS asofDate="2013-06-30" reportType="TTM" period="12M">40.421693</EPS>
      <EPS asofDate="2013-03-31" reportType="TTM" period="12M">42.279729</EPS>
      <EPS asofDate="2012-12-31" reportType="TTM" period="12M">44.564038</EPS>
      <EPS asofDate="2012-09-30" reportType="TTM" period="12M">44.640000</EPS>
      <EPS asofDate="2012-06-30" reportType="TTM" period="12M">43.046183</EPS>
      <EPS asofDate="2012-03-31" reportType="TTM" period="12M">41.534017</EPS>
      <EPS asofDate="2011-12-31" reportType="TTM" period="12M">35.571815</EPS>
      <EPS asofDate="2017-12-31" reportType="A" period="3M">3.920000</EPS>
      <EPS asofDate="2017-09-30" reportType="A" period="3M">2.090000</EPS>
      <EPS asofDate="2017-09-30" reportType="A" period="12M">9.270000</EPS>
      <EPS asofDate="2017-06-30" reportType="A" period="3M">1.680000</EPS>
      <EPS asofDate="2017-03-31" reportType="A" period="3M">2.110000</EPS>
      <EPS asofDate="2016-12-31" reportType="A" period="3M">3.380000</EPS>
      <EPS asofDate="2016-09-30" reportType="A" period="3M">1.690000</EPS>
      <EPS asofDate="2016-09-30" reportType="A" period="12M">8.350000</EPS>
      <EPS asofDate="2016-06-30" reportType="A" period="3M">1.430000</EPS>
      <EPS asofDate="2016-03-31" reportType="A" period="3M">1.910000</EPS>
      <EPS asofDate="2015-12-31" reportType="A" period="3M">3.300000</EPS>
      <EPS asofDate="2015-09-30" reportType="A" period="3M">1.980000</EPS>
      <EPS asofDate="2015-09-30" reportType="A" period="12M">9.280000</EPS>
      <EPS asofDate="2015-06-30" reportType="A" period="3M">1.860000</EPS>
      <EPS asofDate="2015-03-31" reportType="A" period="3M">2.340000</EPS>
      <EPS asofDate="2014-12-31" reportType="A" period="3M">3.080000</EPS>
      <EPS asofDate="2014-09-30" reportType="A" period="3M">1.430000</EPS>
      <EPS asofDate="2014-09-30" reportType="A" period="12M">6.490000</EPS>
      <EPS asofDate="2014-06-30" reportType="A" period="3M">1.290000</EPS>
      <EPS asofDate="2014-03-31" reportType="A" period="3M">1.670000</EPS>
      <EPS asofDate="2013-12-31" reportType="A" period="3M">2.084286</EPS>
      <EPS asofDate="2013-09-30" reportType="A" period="3M">1.194286</EPS>
      <EPS asofDate="2013-09-30" reportType="A" period="12M">5.718571</EPS>
      <EPS asofDate="2013-06-30" reportType="A" period="3M">1.072857</EPS>
      <EPS asofDate="2013-03-31" reportType="A" period="3M">1.451429</EPS>
      <EPS asofDate="2012-12-31" reportType="A" period="3M">1.990000</EPS>
      <EPS asofDate="2012-09-30" reportType="A" period="3M">1.250000</EPS>
      <EPS asofDate="2012-09-30" reportType="A" period="12M">6.377143</EPS>
      <EPS asofDate="2012-06-30" reportType="A" period="3M">1.345714</EPS>
      <EPS asofDate="2012-03-31" reportType="A" period="3M">1.778571</EPS>
      <EPS asofDate="2011-12-31" reportType="A" period="3M">2.004286</EPS>
      <EPS asofDate="2011-09-30" reportType="A" period="3M">1.020000</EPS>
      <EPS asofDate="2011-09-30" reportType="A" period="12M">4.007143</EPS>
      <EPS asofDate="2011-06-30" reportType="A" period="3M">1.127143</EPS>
      <EPS asofDate="2011-03-31" reportType="A" period="3M">0.927143</EPS>
      <EPS asofDate="2017-12-31" reportType="R" period="3M">3.920000</EPS>
      <EPS asofDate="2017-12-31" reportType="R" period="12M">9.810000</EPS>
      <EPS asofDate="2017-09-30" reportType="R" period="3M">2.090000</EPS>
      <EPS asofDate="2017-09-30" reportType="R" period="12M">9.270000</EPS>
      <EPS asofDate="2017-06-30" reportType="R" period="3M">1.680000</EPS>
      <EPS asofDate="2017-06-30" reportType="R" period="12M">8.870000</EPS>
      <EPS asofDate="2017-03-31" reportType="R" period="3M">2.110000</EPS>
      <EPS asofDate="2017-03-31" reportType="R" period="12M">8.630000</EPS>
      <EPS asofDate="2016-12-31" reportType="R" period="3M">3.380000</EPS>
      <EPS asofDate="2016-12-31" reportType="R" period="12M">8.430000</EPS>
      <EPS asofDate="2016-09-30" reportType="R" period="3M">1.690000</EPS>
      <EPS asofDate="2016-09-30" reportType="R" period="12M">8.350000</EPS>
      <EPS asofDate="2016-06-30" reportType="R" period="3M">1.430000</EPS>
      <EPS asofDate="2016-06-30" reportType="R" period="12M">8.640000</EPS>
      <EPS asofDate="2016-03-31" reportType="R" period="3M">1.910000</EPS>
      <EPS asofDate="2016-03-31" reportType="R" period="12M">9.070000</EPS>
      <EPS asofDate="2015-12-31" reportType="R" period="3M">3.300000</EPS>
      <EPS asofDate="2015-12-31" reportType="R" period="12M">9.500000</EPS>
      <EPS asofDate="2015-09-30" reportType="R" period="3M">1.980000</EPS>
      <EPS asofDate="2015-09-30" reportType="R" period="12M">9.280000</EPS>
      <EPS asofDate="2015-06-30" reportType="R" period="3M">1.860000</EPS>
      <EPS asofDate="2015-06-30" reportType="R" period="12M">8.730000</EPS>
      <EPS asofDate="2015-03-31" reportType="R" period="3M">2.340000</EPS>
      <EPS asofDate="2015-03-31" reportType="R" period="12M">8.160000</EPS>
      <EPS asofDate="2014-12-31" reportType="R" period="3M">3.080000</EPS>
      <EPS asofDate="2014-12-31" reportType="R" period="12M">7.490000</EPS>
      <EPS asofDate="2014-09-30" reportType="R" period="3M">1.430000</EPS>
      <EPS asofDate="2014-09-30" reportType="R" period="12M">6.490000</EPS>
      <EPS asofDate="2014-06-30" reportType="R" period="3M">1.290000</EPS>
      <EPS asofDate="2014-06-30" reportType="R" period="12M">6.258571</EPS>
      <EPS asofDate="2014-03-31" reportType="R" period="3M">1.670000</EPS>
      <EPS asofDate="2014-03-31" reportType="R" period="12M">6.035714</EPS>
      <EPS asofDate="2013-12-31" reportType="R" period="3M">2.080000</EPS>
      <EPS asofDate="2013-12-31" reportType="R" period="12M">5.812857</EPS>
      <EPS asofDate="2013-09-30" reportType="R" period="3M">1.200000</EPS>
      <EPS asofDate="2013-09-30" reportType="R" period="12M">5.720000</EPS>
      <EPS asofDate="2013-06-30" reportType="R" period="3M">1.070000</EPS>
      <EPS asofDate="2013-06-30" reportType="R" period="12M">5.774286</EPS>
      <EPS asofDate="2013-03-31" reportType="R" period="3M">1.451429</EPS>
      <EPS asofDate="2013-03-31" reportType="R" period="12M">6.035714</EPS>
      <EPS asofDate="2012-12-31" reportType="R" period="3M">1.990000</EPS>
      <EPS asofDate="2012-12-31" reportType="R" period="12M">6.362857</EPS>
      <EPS asofDate="2012-09-30" reportType="R" period="3M">1.252857</EPS>
      <EPS asofDate="2012-09-30" reportType="R" period="12M">6.380000</EPS>
      <EPS asofDate="2012-06-30" reportType="R" period="3M">1.345714</EPS>
      <EPS asofDate="2012-06-30" reportType="R" period="12M">6.147143</EPS>
      <EPS asofDate="2012-03-31" reportType="R" period="3M">1.778571</EPS>
      <EPS asofDate="2012-03-31" reportType="R" period="12M">5.930000</EPS>
      <EPS asofDate="2011-12-31" reportType="R" period="3M">2.004286</EPS>
      <EPS asofDate="2011-12-31" reportType="R" period="12M">5.078571</EPS>
      <EPS asofDate="2011-09-30" reportType="R" period="3M">1.020000</EPS>
      <EPS asofDate="2011-09-30" reportType="R" period="12M">4.007143</EPS>
      <EPS asofDate="2011-06-30" reportType="R" period="3M">1.127143</EPS>
      <EPS asofDate="2011-06-30" reportType="R" period="12M">3.661429</EPS>
      <EPS asofDate="2011-03-31" reportType="R" period="3M">0.927143</EPS>
      <EPS asofDate="2011-03-31" reportType="R" period="12M">3.044286</EPS>
      <EPS asofDate="2017-12-31" reportType="P" period="3M">3.920000</EPS>
      <EPS asofDate="2017-09-30" reportType="P" period="3M">2.080000</EPS>
      <EPS asofDate="2017-09-30" reportType="P" period="12M">9.270000</EPS>
      <EPS asofDate="2017-06-30" reportType="P" period="3M">1.680000</EPS>
      <EPS asofDate="2017-03-31" reportType="P" period="3M">2.110000</EPS>
      <EPS asofDate="2016-12-31" reportType="P" period="3M">3.380000</EPS>
      <EPS asofDate="2016-09-30" reportType="P" period="3M">1.680000</EPS>
      <EPS asofDate="2016-09-30" reportType="P" period="12M">8.350000</EPS>
      <EPS asofDate="2016-06-30" reportType="P" period="3M">1.430000</EPS>
      <EPS asofDate="2016-03-31" reportType="P" period="3M">1.910000</EPS>
      <EPS asofDate="2015-12-31" reportType="P" period="3M">3.300000</EPS>
      <EPS asofDate="2015-09-30" reportType="P" period="3M">1.970000</EPS>
      <EPS asofDate="2015-09-30" reportType="P" period="12M">9.280000</EPS>
      <EPS asofDate="2015-06-30" reportType="P" period="3M">1.860000</EPS>
      <EPS asofDate="2015-03-31" reportType="P" period="3M">2.340000</EPS>
      <EPS asofDate="2014-12-31" reportType="P" period="3M">3.080000</EPS>
      <EPS asofDate="2014-09-30" reportType="P" period="3M">1.430000</EPS>
      <EPS asofDate="2014-09-30" reportType="P" period="12M">6.490000</EPS>
      <EPS asofDate="2014-06-30" reportType="P" period="3M">1.290000</EPS>
      <EPS asofDate="2014-03-31" reportType="P" period="3M">1.670000</EPS>
      <EPS asofDate="2013-12-31" reportType="P" period="3M">2.084286</EPS>
      <EPS asofDate="2013-09-30" reportType="P" period="3M">1.187143</EPS>
      <EPS asofDate="2013-09-30" reportType="P" period="12M">5.718571</EPS>
      <EPS asofDate="2013-06-30" reportType="P" period="3M">1.072857</EPS>
      <EPS asofDate="2013-03-31" reportType="P" period="3M">1.451429</EPS>
      <EPS asofDate="2012-12-31" reportType="P" period="3M">1.990000</EPS>
      <EPS asofDate="2012-09-30" reportType="P" period="3M">1.251429</EPS>
      <EPS asofDate="2012-09-30" reportType="P" period="12M">6.377143</EPS>
      <EPS asofDate="2012-06-30" reportType="P" period="3M">1.345714</EPS>
      <EPS asofDate="2012-03-31" reportType="P" period="3M">1.778571</EPS>
      <EPS asofDate="2011-12-31" reportType="P" period="3M">2.004286</EPS>
      <EPS asofDate="2011-09-30" reportType="P" period="12M">4.007143</EPS>
      <EPS asofDate="2011-06-30" reportType="P" period="3M">1.127143</EPS>
      <EPS asofDate="2011-03-31" reportType="P" period="3M">0.927143</EPS>
   </EPSs>
</FinancialSummary>
