<?xml version="1.0" encoding="UTF-8"?>
<ReportSnapshot Major="1" Minor="0" Revision="1">
	<CoIDs>
		<CoID Type="RepNo">A9ECE</CoID>
		<CoID Type="CompanyName">Tata Consultancy Services Limited</CoID>
	</CoIDs>
	<Issues>
		<Issue ID="1" Type="C" Desc="Common Stock" Order="1">
			<IssueID Type="Name">Fully Paid Ord. Shrs</IssueID>
			<IssueID Type="Ticker">TCS</IssueID>
			<IssueID Type="CUSIP">Y85279100</IssueID>
			<IssueID Type="ISIN">INE467B01029</IssueID>
			<IssueID Type="RIC">TCS.NS</IssueID>
			<IssueID Type="SEDOL">B01NPJ1</IssueID>
			<IssueID Type="DisplayRIC">TCS.NS</IssueID>
			<IssueID Type="InstrumentPI">17342891</IssueID>
			<IssueID Type="QuotePI">17341637</IssueID>
			<Exchange Code="NSE" Country="IND">National Stock Exchange of India</Exchange>
			<MostRecentSplit Date="2009-06-16">2.0</MostRecentSplit>
		</Issue>
		<Issue ID="2" Type="P" Desc="Preferred Stock" Order="1">
			<IssueID Type="Name">Preference Shares</IssueID>
			<IssueID Type="InstrumentPI">120093991</IssueID>
			<Exchange Code="NA" Country="">Not Available</Exchange>
		</Issue>
	</Issues>
	<CoGeneralInfo>
		<CoStatus Code="1">Active</CoStatus>
		<CoType Code="EQU">Equity Issue</CoType>
		<LastModified>2018-01-30</LastModified>
		<LatestAvailableAnnual>2017-03-31</LatestAvailableAnnual>
		<LatestAvailableInterim>2017-12-31</LatestAvailableInterim>
		<Employees LastUpdated="2017-12-31">390880</Employees>
		<SharesOut Date="2017-12-31" TotalFloat="506341628.0">1914287591.0</SharesOut>
		<CommonShareholders Date="2017-12-31">637803</CommonShareholders>
		<ReportingCurrency Code="INR">Rupee</ReportingCurrency>
		<MostRecentExchange Date="2018-02-12">64.27</MostRecentExchange>
	</CoGeneralInfo>
	<TextInfo>
		<Text Type="Business Summary" lastModified="2016-07-10T23:04:16">Tata Consultancy Services Limited (TCS) is engaged in providing information technology (IT) services, digital and business solutions. The Company's segments include banking, finance and insurance services (BFSI); manufacturing; retail and consumer packaged goods (CPG); telecom, media and entertainment, and others, such as energy, resources and utilities, hi-tech, life science and healthcare, s-Governance, travel, transportation and hospitality, and other products. Its services portfolio consists of IT and assurance services, business intelligence and performance management, business process services, cloud services, connected marketing solutions, consulting, engineering and industrial services, enterprise solutions, IT infrastructure services, mobility products and services and platform solutions. Its software offerings include Digital Software and Solutions, TCS BaNCS and TCS MasterCraft, among others. It serves industries, including insurance, healthcare, retail, telecom and others.</Text>
		<Text Type="Financial Summary" lastModified="2018-01-22T11:31:04">BRIEF: For the nine months ended 31 December 2017, Tata Consultancy Services Limited revenues increased 3% to RS910.29B. Net income decreased 4% to RS189.22B. Revenues reflect Comunication media and Technology segment increase of 8% to RS156.8B, Others segment increase of 6% to RS140.88B, Manufacturing segment increase of 5% to RS97.85B. Net income was offset by Retail &amp; Consumer Distribution segment income decrease of 6% to RS40.71B.</Text>
	</TextInfo>
	<contactInfo lastUpdated="2018-02-09T10:36:26">
		<streetAddress line="1">TCS House, Raveline Street, Fort</streetAddress>
		<streetAddress line="2"></streetAddress>
		<streetAddress line="3"></streetAddress>
		<city>MUMBAI</city>
		<state-region></state-region>
		<postalCode>400001</postalCode>
		<country code="IND">India</country>
		<contactName>Kedar Shirali</contactName>
		<contactTitle>Head - Global Investor Relations</contactTitle>
		<phone>
			<phone type="mainphone">
				<countryPhoneCode>91</countryPhoneCode>
				<city-areacode>22</city-areacode>
				<number>67789999</number>
			</phone>
			<phone type="mainfax">
				<countryPhoneCode>91</countryPhoneCode>
				<city-areacode>22</city-areacode>
				<number>67789000</number>
			</phone>
			<phone type="contactphone">
				<countryPhoneCode>91</countryPhoneCode>
				<city-areacode>22</city-areacode>
				<number>67789999</number>
			</phone>
		</phone>
	</contactInfo>
	<webLinks lastUpdated="2016-05-16T11:45:39"><webSite mainCategory="Home Page">http://www.tcs.com/</webSite><eMail mainCategory="Company Contact/E-mail">kedar.shirali@tcs.com</eMail></webLinks>
	<peerInfo lastUpdated="2018-02-09T10:36:26">
		<IndustryInfo>
			<Industry type="TRBC" order="1" reported="0" code="5720101010" mnem="">IT Services &amp; Consulting - NEC</Industry>
			<Industry type="NAICS" order="1" reported="0" code="541511" mnem="">Custom Computer Programming Services</Industry>
			<Industry type="NAICS" order="2" reported="0" code="541512" mnem="">Computer Systems Design Services</Industry>
			<Industry type="NAICS" order="3" reported="0" code="541519" mnem="">Other Computer Related Services</Industry>
			<Industry type="NAICS" order="4" reported="0" code="51421" mnem="">Data Processing Services</Industry>
			<Industry type="SIC" order="1" reported="0" code="7371" mnem="">Computer Programming Services</Industry>
			<Industry type="SIC" order="2" reported="0" code="7373" mnem="">Computer Integrated System Design</Industry>
			<Industry type="SIC" order="3" reported="0" code="7379" mnem="">Computer Related Services, Nec</Industry>
			<Industry type="SIC" order="4" reported="0" code="7374" mnem="">Data Processing And Preparation</Industry>
		</IndustryInfo>
	</peerInfo>
	<officers>
		<officer rank="1" since="02/10/2013">
			<firstName>Rajesh</firstName>
			<mI></mI>
			<lastName>Gopinathan</lastName>
			<age></age>
			<title startYear="2017" startMonth="02" startDay="21" iD1="CEO" abbr1="CEO" iD2="MDR" abbr2="Mgng.Dir.">Chief Executive Officer, Managing Director, Non-Independent Executive Director</title>
		</officer>
		<officer rank="2" since="02/21/2017">
			<firstName>V.</firstName>
			<mI></mI>
			<lastName>Ramakrishnan</lastName>
			<age></age>
			<title startYear="2017" startMonth="02" startDay="21" iD1="CFO" abbr1="CFO" iD2="" abbr2="">Chief Financial Officer</title>
		</officer>
		<officer rank="3" since="02/20/2017">
			<firstName>N.</firstName>
			<mI>Ganapathy</mI>
			<lastName>Subramaniam</lastName>
			<age>58 </age>
			<title startYear="2017" startMonth="02" startDay="20" iD1="COO" abbr1="COO" iD2="EDR" abbr2="Exec. Dir.">Chief Operating Officer, Non-Independent, Executive Director</title>
		</officer>
		<officer rank="4" since="NA">
			<firstName>Ajoyendra</firstName>
			<mI></mI>
			<lastName>Mukherjee</lastName>
			<age></age>
			<title startYear="2012" startMonth="" startDay="" iD1="EVP" abbr1="Exec. VP" iD2="" abbr2="">Executive Vice President, Global Head - Human Resources</title>
		</officer>
		<officer rank="5" since="04/24/2017">
			<firstName>Rajendra</firstName>
			<mI>C.</mI>
			<lastName>Moholkar</lastName>
			<age></age>
			<title startYear="2017" startMonth="04" startDay="24" iD1="CCO" abbr1="Chief Comp." iD2="SEC" abbr2="Secy.">Company Secretary and Compliance Officer Designate</title>
		</officer>
		<officer rank="6" since="NA">
			<firstName>Pradipta</firstName>
			<mI></mI>
			<lastName>Bagchi</lastName>
			<age></age>
			<title startYear="NA" startMonth="" startDay="" iD1="OTH" abbr1="Other" iD2="" abbr2="">Head - Communication</title>
		</officer>
		<officer rank="7" since="NA">
			<firstName>Vishwanathan</firstName>
			<mI></mI>
			<lastName>Iyer</lastName>
			<age></age>
			<title startYear="NA" startMonth="" startDay="" iD1="OTH" abbr1="Other" iD2="" abbr2="">Head - Legal</title>
		</officer>
		<officer rank="8" since="NA">
			<firstName>K. Ananth</firstName>
			<mI></mI>
			<lastName>Krishnan</lastName>
			<age></age>
			<title startYear="NA" startMonth="" startDay="" iD1="OTH" abbr1="Other" iD2="" abbr2="">Research &amp; Development</title>
		</officer>
	</officers>
	<Ratios PriceCurrency="INR" ReportingCurrency="INR" ExchangeRate="1.00000" LatestAvailableDate="2017-03-31">
		<Group ID="Price and Volume">
			<Ratio FieldName="NPRICE" Type="N">2967.30000</Ratio>
			<Ratio FieldName="NHIG" Type="N">3259.05000</Ratio>
			<Ratio FieldName="NLOW" Type="N">2252.80000</Ratio>
			<Ratio FieldName="PDATE" Type="D">2018-02-12T00:00:00</Ratio>
			<Ratio FieldName="VOL10DAVG" Type="N">1.19512</Ratio>
			<Ratio FieldName="EV" Type="N">5229196.00000</Ratio>
		</Group>
		<Group ID="Income Statement">
			<Ratio FieldName="MKTCAP" Type="N">5680266.00000</Ratio>
			<Ratio FieldName="AREV" Type="N">1179660.00000</Ratio>
			<Ratio FieldName="AEBITD" Type="N">323280.00000</Ratio>
			<Ratio FieldName="ANIAC" Type="N">262890.00000</Ratio>
		</Group>
		<Group ID="Per share data">
			<Ratio FieldName="AEPSXCLXOR" Type="N">133.41770</Ratio>
			<Ratio FieldName="AREVPS" Type="N">598.68210</Ratio>
			<Ratio FieldName="ABVPS" Type="N">437.53950</Ratio>
			<Ratio FieldName="ACSHPS" Type="N">232.69060</Ratio>
			<Ratio FieldName="ACFSHR" Type="N">143.84690</Ratio>
			<Ratio FieldName="ADIVSHR" Type="N">47.00000</Ratio>
		</Group>
		<Group ID="Other Ratios">
			<Ratio FieldName="AGROSMGN" Type="N">90.11410</Ratio>
			<Ratio FieldName="AROEPCT" Type="N">33.42828</Ratio>
			<Ratio FieldName="APR2REV" Type="N">4.81517</Ratio>
			<Ratio FieldName="APEEXCLXOR" Type="N">22.24067</Ratio>
			<Ratio FieldName="APRICE2BK" Type="N">6.78179</Ratio>
			<Ratio FieldName="Employees" Type="N">390880</Ratio>
		</Group>
	</Ratios>
	<ForecastData ConsensusType="Mean" CurFiscalYear="2018" CurFiscalYearEndMonth="3" CurInterimEndCalYear="2018" CurInterimEndMonth="3" EarningsBasis="PRX">
		<Ratio FieldName="ConsRecom" Type="N">
			<Value PeriodType="CURR">3</Value>
		</Ratio>
		<Ratio FieldName="TargetPrice" Type="N">
			<Value PeriodType="CURR">2751.35560</Value>
		</Ratio>
		<Ratio FieldName="ProjLTGrowthRate" Type="N">
			<Value PeriodType="CURR">6.0905</Value>
		</Ratio>
		<Ratio FieldName="ProjPE" Type="N">
			<Value PeriodType="CURR">22.19923</Value>
		</Ratio>
		<Ratio FieldName="ProjSales" Type="N">
			<Value PeriodType="CURR">1225498.89780</Value>
		</Ratio>
		<Ratio FieldName="ProjSalesQ" Type="N">
			<Value PeriodType="CURR">313168.32740</Value>
		</Ratio>
		<Ratio FieldName="ProjEPS" Type="N">
			<Value PeriodType="CURR">133.66680</Value>
		</Ratio>
		<Ratio FieldName="ProjEPSQ" Type="N">
			<Value PeriodType="CURR">35.04730</Value>
		</Ratio>
		<Ratio FieldName="ProjProfit" Type="N">
			<Value PeriodType="CURR">339149.05970</Value>
		</Ratio>
		<Ratio FieldName="ProjDPS" Type="N">
			<Value PeriodType="CURR">54.25490</Value>
		</Ratio>
	</ForecastData>
</ReportSnapshot>
